/*!40101 SET @OLD_CHARACTER_SET_CLIENT=@@CHARACTER_SET_CLIENT */;
/*!40101 SET NAMES utf8 */;
/*!50503 SET NAMES utf8mb4 */;
/*!40103 SET @OLD_TIME_ZONE=@@TIME_ZONE */;
/*!40103 SET TIME_ZONE='+00:00' */;
/*!40014 SET @OLD_FOREIGN_KEY_CHECKS=@@FOREIGN_KEY_CHECKS, FOREIGN_KEY_CHECKS=0 */;
/*!40101 SET @OLD_SQL_MODE=@@SQL_MODE, SQL_MODE='NO_AUTO_VALUE_ON_ZERO' */;
/*!40111 SET @OLD_SQL_NOTES=@@SQL_NOTES, SQL_NOTES=0 */;

CREATE DATABASE IF NOT EXISTS `globalprint_2` /*!40100 DEFAULT CHARACTER SET utf8mb4 COLLATE utf8mb4_0900_ai_ci */ /*!80016 DEFAULT ENCRYPTION='N' */;
USE `globalprint_2`;

CREATE TABLE IF NOT EXISTS `categorias` (
  `id_categoria` bigint unsigned NOT NULL AUTO_INCREMENT,
  `nombreCategoria` varchar(255) COLLATE utf8mb4_unicode_ci NOT NULL,
  `created_at` timestamp NULL DEFAULT NULL,
  `updated_at` timestamp NULL DEFAULT NULL,
  PRIMARY KEY (`id_categoria`)
) ENGINE=InnoDB AUTO_INCREMENT=18 DEFAULT CHARSET=utf8mb4 COLLATE=utf8mb4_unicode_ci;

INSERT INTO `categorias` (`id_categoria`, `nombreCategoria`, `created_at`, `updated_at`) VALUES
	(2, 'TARJETAS', '2024-11-05 12:13:38', '2024-11-05 12:13:38'),
	(3, 'ADHESIVOS', '2024-11-05 12:13:46', '2024-11-05 12:13:46'),
	(4, 'ETIQUETAS', '2024-11-05 12:13:53', '2024-11-05 12:13:53'),
	(5, 'AFICHES', '2024-11-05 12:14:01', '2024-11-05 12:14:01'),
	(6, 'TALONARIOS', '2024-11-05 12:14:07', '2024-11-05 12:14:07'),
	(7, 'SELLOS', '2024-11-05 12:14:19', '2024-11-05 12:14:19'),
	(8, 'VOLANTES', '2024-11-05 12:14:25', '2024-11-05 12:14:25'),
	(9, 'TRIPTICOS-BIPTICOS', '2024-11-05 12:14:42', '2024-11-05 12:14:42'),
	(10, 'MEMBRETADOS', '2024-11-05 12:14:53', '2024-11-05 12:14:53'),
	(11, 'RECETARIOS - BLOCKS', '2024-11-05 12:15:03', '2025-01-03 15:27:17'),
	(12, 'FOLDERS', '2024-11-05 12:15:08', '2024-11-05 12:15:08'),
	(13, 'EMPAQUES', '2024-11-05 12:15:15', '2024-11-05 12:15:15'),
	(14, 'CARNETS-CARTILLAS-CERTIFICADOS', '2024-11-05 12:15:27', '2025-01-02 16:24:36'),
	(15, 'SOBRES', '2024-11-28 13:52:52', '2024-11-28 13:52:52'),
	(16, 'BANNERS', '2024-12-05 13:48:19', '2024-12-05 13:48:19'),
	(17, 'CALENDARIOS DE ESCRITORIO', '2024-12-07 18:19:35', '2024-12-07 18:19:35');

CREATE TABLE IF NOT EXISTS `detalles` (
  `id_pedido` bigint unsigned NOT NULL,
  `id_categoria` bigint unsigned NOT NULL,
  `descripcion` varchar(255) COLLATE utf8mb4_unicode_ci NOT NULL,
  `cantidad` int NOT NULL,
  KEY `detalles_id_pedido_foreign` (`id_pedido`),
  KEY `detalles_id_categoria_foreign` (`id_categoria`),
  CONSTRAINT `detalles_id_categoria_foreign` FOREIGN KEY (`id_categoria`) REFERENCES `categorias` (`id_categoria`) ON DELETE RESTRICT,
  CONSTRAINT `detalles_id_pedido_foreign` FOREIGN KEY (`id_pedido`) REFERENCES `pedidos` (`id_pedido`) ON DELETE CASCADE
) ENGINE=InnoDB DEFAULT CHARSET=utf8mb4 COLLATE=utf8mb4_unicode_ci;

INSERT INTO `detalles` (`id_pedido`, `id_categoria`, `descripcion`, `cantidad`) VALUES
	(2, 2, 'MATE', 2000),
	(3, 6, '1/4 OF UN COLOR Y UNA COPIA EN QUIMICO', 20),
	(4, 6, '1/4 OF UN COLOR Y UNA COPIA EN QUIMICO, 700BS', 100),
	(4, 8, 'VOLANTES 1/2 OF UN LADO FUL COLOR, 650BS', 4000),
	(4, 9, 'FUL COLOR COUCHE DE 115GR, 1200BS', 4000),
	(5, 3, 'BARNIZADOS SABOR MOCOCHINCHI DE 33X9,3', 5000),
	(5, 3, 'BARNIZADOS SABOR CEBADA DE 33X9,3', 5000),
	(5, 3, 'BARNIZADOS SABOR COCO DE 33X9,3', 5000),
	(6, 6, '1/2 OF CON DOS COPIAS UN COLOR EN QUIMICO', 10),
	(7, 8, '1/4 OF UN LADO FUL COLOR EN 115GR', 2000),
	(8, 12, 'TAMAÑO CARTA AMBOS LADOS FUL COLOR CON SOLAPA ACABADO PLASTIFICADO MATE', 1000),
	(9, 14, 'CARNET DE CONTROL EN CARTULINA ESCOLAR UN COLOR', 200),
	(10, 2, 'BRILLO', 1000),
	(11, 2, 'BRILLO (JARDINERIA MI JARDIN/RECICLADORA RECIMETAL)', 1000),
	(11, 2, 'BRILLO (SERVICIO DE MOTOCIERRA/ALQUILER DE MAQUINAS DE CONSTRUCCION)', 1000),
	(12, 2, 'MATE (4 PUNTAS CURVEADAS)', 2000),
	(13, 2, 'BRILLO', 2000),
	(14, 2, 'MATE (2 PUNTAS CURVEADAS)', 1000),
	(15, 2, 'BRILLO', 1000),
	(16, 2, 'MATE(4PUNTAS CURVEADAS)', 1000),
	(17, 5, 'TAMAÑO MEDIANO FUL COLOR EN COUCHE DE 115GR', 200),
	(18, 8, '1/2 OF AMBOS LADOS FUL COLOR EN COUCHE DE 115GR', 1000),
	(19, 14, 'TAMAÑO 1/2 OF UN COLOR AMBOS LADOS EN CARTULINA ESCOLAR (130BS)', 120),
	(19, 14, 'TAMAÑO CARTA AMBOS LADOS UN COLOR EN CARTULINA ESCOLAR (130BS)', 50),
	(20, 14, '1/2 OF FUL COLOR AMBOS LADOS EN CARTULINA BLANCA', 200),
	(21, 3, '33X50 FUL COLOR (36000BS)', 30000),
	(21, 3, '24X17 FUL COLOR TROQUELADO (24 DISEÑOS PARA CADA 1000) (10450BS)', 24000),
	(22, 2, 'MATE', 1000),
	(23, 14, '1/2 OF EN COUCHE AMBOS LADOS UN COLOR (550BS)', 7500),
	(23, 14, '1/2 OF EN CARTULINA AMARILLA AMBOS LADOS (150BS)', 250),
	(23, 14, '1/2 OF CARTULINA VERDE UN LADO (350BS)', 500),
	(24, 3, 'LAMINAS ADHESIVAS ESCOLARES', 13000),
	(25, 2, 'MATE', 1000),
	(25, 6, '1/2 OF UN COLOR Y UNA COPIA', 10),
	(26, 3, '33X50 FUL COLOR (1200BS POR CADA MODELO)', 13000),
	(26, 3, '33X50 FUL COLOR (1275BS CADA MODELO EN ADHESIVO CON REVERSO BLANCO)', 17000),
	(27, 2, 'BRILLO', 1000),
	(28, 3, 'LAMINAS ADHESIVOS ESCOLARES FUL COLOR 22 MODELOS 33X50', 25000),
	(29, 2, 'MATE', 2000),
	(30, 3, 'FUL COLOR 1050ML TROQUELADO PLASTIFICADO (2000BS)', 2000),
	(30, 3, 'MODELO 600ML FUL COLOR TROQUELADO PLASTIFICADO (1800BS)', 6000),
	(30, 3, 'LIMPIA VIDRIOS FUL COLOR 9,2X12 (1700BS)', 4000),
	(31, 3, 'FUL COLOR 33X50 (13 MODELOS CADA UNO A 1200BS) Y 43 MODELOS MÁS, CADA UNO A 1275BS', 56000),
	(32, 6, '1/4 OF UN COLOR UNA COPIA EN QUIMICO', 30),
	(33, 4, '(DOBLES) ACABADO BRILLO  EN COUCHE DE 300GR CON PLEGADO', 3000),
	(34, 11, 'RECETARIOS 1/4 UN COLOR EN PAPEL BOND COLOR ROSADO BAJITO', 10),
	(35, 2, 'BRILLO', 1000),
	(36, 6, '1/4 OF CON DOS COPIAS', 40),
	(37, 3, '200ML PLASTIFICADO TROQUELADO', 10000),
	(38, 3, 'PLASTIFICADOS BRILLO (1300BS)', 9000),
	(38, 3, 'AFICHES DOBLE OF BARNIZADO EN COUCHE DE 150GR (850)', 1300),
	(39, 2, 'BRILLO', 1000),
	(39, 8, '1/4 OF FUL COLOR EN COUCHE DE 115GR UN LADO (180BS)', 1000),
	(40, 5, 'TAMAÑO GRANDE 60X40 FUL COLOR EN COUCHE DE 115GR', 500),
	(41, 6, '1/2 OF UN COLOR UNA COPIA EN QUIMICO', 20),
	(42, 2, 'DOBLES BRILLO', 1000),
	(44, 3, '4X18 FUL COLOR PLASTIFICADO BRILLO 4 DISEÑOS }', 10000),
	(45, 8, '1/4 OF UN LADO FUL COLOR EN COUCHE (4 DISEÑOS)', 4000),
	(46, 3, 'FUL COLOR 6,7X9,2 SIN BARNIZ (650BS)', 5000),
	(46, 2, 'MATE (260BS)', 2000),
	(46, 10, 'FUL COLOR TAMAÑO CARTA (350BS)', 1000),
	(47, 2, 'MATE (4 PUNTAS CURVEADAS)', 1000),
	(47, 6, '1/4 OF UN COLOR UNA COPIA EN QUIMICO DEL 01', 20),
	(48, 11, 'TAM CARTA AMBOS LADOS UN COLOR (AZUL)', 10),
	(48, 11, 'TAM CARTA UN LADO FUL COLOR', 10),
	(49, 8, '1/4 OF AMBOS LADOS', 8000),
	(50, 2, 'BRILLO', 1000),
	(50, 8, '1/4 OFICIO UN LADO FULL COLOR', 2000),
	(51, 2, 'BRILLO', 1000),
	(52, 2, 'BRILLO DOBLE PLEGADA', 2000),
	(53, 2, 'BRILLO', 1000),
	(54, 2, 'BRILLO 2 DISEÑOS', 2000),
	(55, 2, 'MATE CON 4 PUNTAS CURVEADAS', 1000),
	(56, 8, '1/4 OFICIO UN SOLO LADO FULL COLOR', 4000),
	(57, 2, 'MATE CON 2 PUNTAS CURVEADAS', 1000),
	(58, 3, '25X15 FULL COLOR', 1000),
	(59, 4, 'ADHESIVAS DE 16X6 EN PLASTIFICADO BRILLO', 1000),
	(60, 2, 'MATE CON PERFORADO', 2000),
	(61, 4, 'ADHESIVAS DE 18X8 EN PLASTIFICADO BRILLO', 1000),
	(62, 2, 'BRILLO', 3000),
	(63, 2, 'BRILLOS ( 100BS )', 1000),
	(63, 4, 'ADHESIVAS DE 12X5,5 EN PLASTIFICADO BRILLO (1500BS )', 10000),
	(64, 2, 'MATE', 2000),
	(65, 4, 'ADHESIVAS PLATIFICADO BRILLO DE 1050ML', 6000),
	(66, 6, '1/2 UN COLOR Y UNA COPIA EN PAPEL QUIMICO', 20),
	(67, 2, 'MATE CON 4 PUNTAS CURVEADAS', 1000),
	(68, 3, '10X6 FULL COLOR DISTINTOS DISEÑOS', 13000),
	(69, 2, 'DE CONTROL EN CARTULINA ESCOLAR AMBOS LADOS FULL COLOR', 1000),
	(70, 3, 'PLASTIFICADO DE 1050ML, FULL COLOR', 6000),
	(71, 6, '1/2 OFICIO DE 2 COLORES Y UNA COPIA EN PAPEL QUIMICO', 20),
	(72, 2, 'MATE', 1000),
	(72, 6, '1/4 OF UN COLOR UNA COPIA EN QUIMICO', 40),
	(73, 3, 'TAMAÑO TARJETA FUL COLOR (150BS)', 1000),
	(73, 6, '1/2 OF UN COLOR Y UNA COPIA EN QUIMICO (300BS)', 20),
	(73, 7, 'AUTOMATICO (90BS)', 1),
	(74, 4, 'EN PAPEL COUCHE 150GR BARNIZADO FUL COLOR', 4000),
	(75, 6, '2 COLORES Y UNA COPIA EN QUIMICO 1/4 OF', 50),
	(76, 6, '1/2 OF UN COLOR Y UNA COPIA EN QUIMICO (COMERCIAL ALBA)', 10),
	(77, 3, 'ETIQUETAS 13X10 CON PLASTIFICADO BRILLO', 2000),
	(77, 3, 'ETIQUETAS 9X7 CON PLASTIFICADO BRILLO', 2000),
	(78, 6, '1/2 OF UN COLOR UNA COPIA EN QUIMICO (COMERCIAL ALBA)', 10),
	(78, 6, '1/2 OF UN COLOR UNA COPIA EN QUIMICO (IMPORTACIONES Y REPRESENTACIONES CRISTIAN)', 10),
	(79, 6, '1/2 OF UN COLOR UNA COPIA EN QUIMICO', 20),
	(80, 13, 'CONOS MODELO CLASICO TROQUELADO', 1000),
	(81, 4, 'ADHESIVOS TROQUELADOS REDONDOS 4X4 PLASTIFICADO', 30000),
	(82, 6, '1/4 OF UN COLOR Y UNA COPIA EN QUIMICO', 20),
	(83, 11, 'RECETARIOS AMBOS LADOS FUL COLOR TAMAÑO CARTA', 20),
	(84, 6, '1/4 OF UN COLOR Y UNA COPIA EN QUIMICO', 20),
	(85, 6, '1/2 DOS COLORES UNA COPIA EN QUIMICO', 20),
	(86, 8, '1/4 OF UN LADO FUL COLOR EN COUCHE 115GR', 4000),
	(87, 3, '5X7 FUL COLOR SIN UV', 20000),
	(88, 8, '1/2 OF AMBOS LADOS FUL COLOR EN PAPEL COUCHE 115GR', 2000),
	(89, 2, 'MATE', 1000),
	(90, 2, 'MATE (4 DISEÑOS)', 4000),
	(90, 8, '1/8 OF AMBOS LADOS FUL COLOR', 2000),
	(90, 9, 'FUL COLOR EN COUCHE DE 115GR', 1000),
	(91, 6, '1/4 OF UN COLOR Y UNA COPIA EN QUIMICO', 200),
	(92, 8, '1/4 OFICIO UN LADO FUL COLOR EN COUCHE DE 115GR', 2000),
	(93, 6, '1/2 OF DOS COLORES Y TRES COPIAS EN QUIMICO', 50),
	(94, 4, 'ADHESIVOS DE 3LT BARNIZADO (6000 MOCOCHINCHI, 3000 COCO, 3000 PIÑA, 3000 MARACUYA)  6150BS', 15000),
	(94, 4, 'ADHESIVOS 500ML BARNIZADO (2000 PIÑA Y 2000 MANZANA) 890BS', 4000),
	(95, 6, '1/2 OF UN COLOR UNA COPIA EN QUIMICO', 20),
	(96, 2, 'BRILLO', 1000),
	(97, 2, 'BRILLO', 1000),
	(98, 6, '1/2 OF UN COLOR UNA COPIA EN QUIMICO (COMERCIAL ALBA)', 20),
	(99, 4, 'ADHESIVOS 3X5 PLASTIFICADO BRILLO', 10000),
	(100, 6, '1/2 OF UN COLOR UNA COPIA EN QUIMICO (COMERCIAL ALBA)', 20),
	(101, 2, 'BRILLO', 1000),
	(102, 2, 'MATES 4 DISEÑOS 130BS CADA MIL', 4000),
	(102, 3, '5X5 TROQUELADO REDONDO 350BS', 2000),
	(102, 8, '1/8 OF AMBOS LADOS EN COUCHE DE 115GR (300BS)', 2000),
	(103, 2, 'MATE 250BS', 2000),
	(103, 2, 'DOBLES MATE 500BS', 2000),
	(104, 2, 'SECTORIZADAS 5 NOMBRES PARA CADA MIL (1300BS)', 5000),
	(104, 9, 'FUL COLOR EN COUCHE DE 115GR (1300BS)', 3000),
	(105, 2, 'MATE (2 PUNTAS CURVEADAS)', 1000),
	(106, 2, 'MATE (3 PUNTAS CURVEADAS)', 1000),
	(107, 3, '5X5 PLASTIFICADO TROQUELADO REDONDO', 2000),
	(108, 2, 'BRILLO', 1000),
	(109, 2, 'MATE (4 PUNTAS CURVEADAS)', 1000),
	(110, 2, 'MATE 4 PUNTAS CURVEADAS', 1000),
	(111, 2, 'BRILLO', 1000),
	(112, 3, '10X10 TROQUELADO REDONDO CON PLASTIFICADO BRILLO', 10000),
	(113, 2, 'BRILLO', 1000),
	(114, 4, '6X7,5 UN SOLO LADO EN COUCHE DE 115', 6000),
	(115, 6, 'TAMAÑO CARTA UN COLOR EN QUIMICO UNA COPIA', 20),
	(116, 2, 'BRILLO', 1000),
	(117, 2, 'BRILLO', 1000),
	(118, 3, '5X5 CUADRADO SIN UV SOLO IMPRESION', 1000),
	(119, 6, '1/4 OF UN COLOR CON DOS COPIAS  EN QUIMICO', 20),
	(120, 2, 'BRILLO', 1000),
	(121, 2, 'MATE CON 2 PUNTAS CURVEADAS', 1000),
	(121, 6, '1/4 OF UN COLOR Y UNA COPIA EN QUIMICO', 10),
	(122, 2, 'BRILLO', 1000),
	(123, 6, '1/2 OF UN COLOR UNA COPIA EN QUIMICO', 20),
	(124, 8, '1/4 OF UN SOLO LADO FUL COLOR', 8000),
	(125, 2, 'MATE 2 PUNTAS CURVEADAS', 1000),
	(126, 3, '1020ML CON PLASTIFICADO BRILLO', 6000),
	(127, 2, 'BRILLO', 1000),
	(128, 2, 'BRILLO (110BS)', 1000),
	(128, 8, '1/4 OF UN LADO FUL COLOR (160BS)', 1000),
	(129, 8, '1/2 OF AMBOS LADOS FUL COLOR EN COUCHE DE 115GR', 1000),
	(130, 6, '1/2 OF UN COLOR UNA COPIA EN QUIMICO', 20),
	(131, 3, '24X17 TROQUELADOS 6 DISEÑOS 5 LAMINAS', 6000),
	(132, 4, 'ADHESIVAS 200ML PLASTIFICADO TROQUELADO', 15000),
	(133, 4, 'TRIPLEX 2 MODELOS', 33000),
	(134, 2, 'MATE', 1000),
	(135, 5, 'DOBLE OFICIO FUL COLOR EN COUCHE DE 115GR', 1000),
	(136, 3, 'PEQUEÑOS PARA VENCIMIENTO', 3000),
	(136, 4, 'ADHESIVAS 10X12', 4000),
	(136, 4, 'ADHESIVAS 5X5 TROQUELADO REDONDO', 1000),
	(137, 2, 'MATE (4 PUNTAS CURVEADAS)', 4000),
	(138, 2, 'MATE', 2000),
	(139, 8, '1/4 OFICIO UN LADO FULL COLOR', 1000),
	(140, 10, 'A4 DOS COLORES ( LA PAZ ) 950BS', 4000),
	(140, 14, 'PVC 2 MODELOS 7500BS', 1000),
	(141, 2, 'BRILLO', 1000),
	(142, 2, 'BRILLO', 1000),
	(143, 2, 'BRILLO', 1000),
	(144, 2, 'MATE CON 4 PUNTAS CURVEADAS', 1000),
	(145, 11, 'UN COLOR 1/4 OFICO', 40),
	(146, 4, 'DE 9X10 EN PAPEL COUCHE', 240),
	(147, 6, '1/2 OFICIO UN COLOR Y UNA COPIA EN QUIMICO N° 551', 10),
	(148, 6, '1/2 OF UN COLOR UNA COPIA EN QUIMICO N°01', 10),
	(149, 8, '1/4 OFICIO UN SOLO LADO FULL COLOR', 1000),
	(150, 8, '1/4 OF UN LADO FUL COLOR EN 115GR', 1000),
	(151, 2, 'MATE', 1000),
	(152, 10, 'TAMAÑO A4 A UN COLOR (CBBA)', 4000),
	(153, 11, '1/4 OF EN BOND UN COLOR', 80),
	(154, 6, '1/2 OF FULL COLOR UNA COPIA EN QUIMICO', 100),
	(155, 12, 'TAMAÑO CARTA CON SOLAPA PLASTIFICADO MATE', 500),
	(156, 2, 'MATE 140BS', 1000),
	(156, 8, '1/4 OF UN LADO FUL COLOR EN 115GR 290BS', 2000),
	(157, 2, 'MATE', 1000),
	(158, 4, 'ADHESIVAS DE 18X8 EN PLASTIFICADO BRILLO', 2000),
	(159, 6, '21X21 UN COLOR (CYAN) UNA COPIA EN QUIMICA', 10),
	(160, 6, '1/2 OF UN COLOR UNA COPIA EN QUIMICO', 10),
	(161, 8, '1/4 OF AMBOS LADOS FUL COLOR EN 115GR', 10000),
	(162, 2, 'BRILLO', 1000),
	(163, 2, 'BRILLO', 1000),
	(163, 8, '1/4 OF UN LADO FUL COLOR EN 115GR', 1000),
	(164, 2, 'BRILLO', 1000),
	(165, 2, 'MATE CON 2 PUNTAS CURVEADAS ( 2 DISEÑOS )', 2000),
	(166, 4, 'ADHESIVAS DE 13X5.5', 1000),
	(167, 6, '1/4 OF UN COLOR Y UNA COPIA EN QUIMICO', 10),
	(168, 3, '5X5 CUADRADO', 1000),
	(169, 3, 'TAMAÑO TAREJETA', 1000),
	(170, 4, 'ADHESIVAS DE 600 ML TROQUELADO', 6000),
	(171, 4, '6x7.5 EN COUCHE FULL COLOR CON 2 FECHAS', 12000),
	(172, 2, 'MATE', 1000),
	(173, 2, 'BRILLO', 1000),
	(174, 2, 'MATE ( 2 DISEÑOS )', 2000),
	(174, 6, '1/4 OF UN COLOR Y UNA COPIA EN QUIMICO', 10),
	(175, 4, 'ADHESIVAS 2 SABORES', 6000),
	(176, 6, 'TAQUITOS DE 100 HOJAS UN COLOR UN RILLADO', 50),
	(178, 2, 'MATE (400BS)', 3000),
	(178, 8, '1/4 OFICO AMBOS LADOS ( 240BS)', 1000),
	(179, 2, 'BRILLO', 1000),
	(180, 2, 'BRILLO', 1000),
	(181, 6, '1/2 OF UN COLOR UNA COPIA EN QUIMICO TOTAL (160BS)', 10),
	(181, 2, 'BRILLO (100BS)', 1000),
	(182, 2, 'BRILLO', 1000),
	(183, 2, 'MATE', 1000),
	(183, 10, 'DIGITAL (40bs)', 1),
	(184, 2, 'MATE', 1000),
	(185, 2, 'BRILLO', 1000),
	(186, 2, 'BRILLO', 1000),
	(187, 8, '1/4 OFICIO UN LADO (150BS)', 1000),
	(187, 2, 'MATE (140BS)', 1000),
	(187, 8, '1/4 OFICIO AMBOS LADOS A (280BS )', 1000),
	(188, 2, 'MATE', 1000),
	(189, 2, 'BRILLO', 1000),
	(190, 2, 'BRILLO', 1000),
	(191, 2, 'BRILLO', 1000),
	(192, 8, '1/4 OFICIO UN LADO', 1000),
	(193, 8, '1/4 OFICIO AMBOS LADOS', 4000),
	(194, 6, '1/2 OFICIO FULL  COLOR UNS COPIA', 20),
	(195, 3, '10X9 PLASTIFICADO', 1500),
	(196, 9, 'FULL COLOR COUCHE 150GR', 1000),
	(197, 2, 'BRILLO', 1000),
	(198, 8, '1/2 OFICIO AMBOS LADOS', 2000),
	(198, 8, '1/2 OFICIO UN SOLO LADO', 2000),
	(200, 3, 'TAMAÑO TARJETA PLASTIFICADAS', 1000),
	(201, 2, 'BRILLO', 1000),
	(202, 6, 'TALONARIOS 1/2 OFICIO DOS COPIAS EN COLOR AZUL', 10),
	(203, 2, 'MATE MEDIDA ESPECIAL', 1000),
	(204, 2, 'BRILLO', 1000),
	(205, 2, 'BRILLO', 1000),
	(206, 2, 'MATE (4 PUNTAS CURVEADAS)', 1000),
	(207, 2, 'BRILLO', 1000),
	(208, 4, 'BRILLO 3X5', 10000),
	(209, 13, 'TRIPLEX FULL COLOR TROQUELADO', 1000),
	(210, 2, 'BRILLO', 1000),
	(211, 2, 'BRILLO', 1000),
	(212, 2, 'BRILLO', 1000),
	(213, 5, '31X42 FULL COLOR COUCHE 115GR', 500),
	(214, 2, 'BRILLO', 1000),
	(215, 2, 'BRILLO', 1000),
	(216, 4, 'ADHESIVAS DE 4X4 TROQUELADAS REDONDAS', 30000),
	(217, 4, 'COUCHE 115 GR (PEQUEÑAS 15X10)', 7000),
	(217, 4, 'COUCHE 115 GR (PEQUEÑAS 20X10)', 3000),
	(218, 6, '1/4 OF CON DOS COPIAS N° 3001 (850BS)', 80),
	(218, 2, 'BRILLO', 1000),
	(219, 2, 'MATE', 1000),
	(220, 4, '10X15 TROQUELADAS DUPLEX FUL COLOR (4800BS)', 40000),
	(220, 3, '10X8 FULL COLOR (2300BS)', 20000),
	(221, 2, 'BRILLO', 1000),
	(221, 6, '1/4 OF UN COLOR Y UNA COPIA EN QUIMICO (110BS)', 10),
	(222, 6, '1/4 OF UN COLOR Y UNA COPIA EN QUIMICO', 10),
	(223, 8, '1/2 OF UN SOLO LADO COUCHE DE 115GR', 1000),
	(224, 6, '1/2 OF COLOR VERDE UNA COPIA', 10),
	(224, 2, 'BRILLO', 1000),
	(225, 6, '1/2 OF UN COLOR UNA COPIA EN QUIMICO', 20),
	(226, 2, 'MATE (4 PUNTAS CURVEADAS)', 1000),
	(227, 10, 'FUL COLOR A4 (LABOFER)', 4000),
	(228, 11, 'RECETARIOS UN COLOR 1/4 OF', 40),
	(229, 10, 'FULL COLOR TAMAÑO CARTA', 1000),
	(230, 2, 'MATE (4 PUNTAS CURVEADAS)', 1000),
	(231, 2, 'MATE (4 PUNTAS CURVEADAS) (5X6 TAMAÑO ESPECIAL)', 1000),
	(232, 3, 'PLASTIFICADO BRILLO TROQUELADO 1050ML', 6000),
	(233, 3, '5X5 TROQUELADO REDONDO', 1000),
	(234, 4, 'DE 200ML FULL COLOR', 15000),
	(234, 5, 'TIPO CALENDARIO FULL COLOR 64X41 EN COUCHE 115GR', 2000),
	(235, 6, '1/2 OF UN COLOR CON DOS COPIAS EN QUIMICO TAPA DURA', 20),
	(236, 2, 'BRILLO', 1000),
	(237, 2, 'MATE SIN CURVEADO (140BS)', 1000),
	(237, 8, '1/4 OFICO UN SOLO LADO FULL COLOR', 2000),
	(238, 2, 'BRILLO', 1000),
	(239, 8, '1/4 OF UN SOLO LADO COUCHE 115GR', 4000),
	(240, 4, 'ADHESIVAS 3LT BARNIZADO  (6000 MOCOCHINCHI, 6000 MANZANA)', 12000),
	(240, 4, 'ADHESIVAS 3LT BARNIZADO ( 3000 COCO, 3000 PIÑA, 3000 MARACUYA)', 9000),
	(241, 2, 'BRILLO', 1000),
	(241, 6, '1/2 OFICO UN COLOR Y UNA COPIA', 10),
	(242, 2, 'BRILLO', 1000),
	(242, 6, '1/2 OFICO UN COLOR Y UNA COPIA', 10),
	(243, 2, 'BRILLO', 1000),
	(244, 8, '1/2 OFICIO UN SOLO LADO FULL COLOR', 2000),
	(245, 4, 'TAMAÑO 54X7.5 COUCHE DE 115GR FULL COLOR', 20000),
	(247, 4, 'ADHESIVOS DE 7X5 PLASTIFICADO BRILLO', 1000),
	(247, 4, 'ADHESIVOS DE 7X2.5 PLASTIFICADO BRILLO', 1000),
	(248, 8, '1/2 OF UN LADO FUL COLOR COUCHE 115GR (LA BUONA PIZZA)', 1000),
	(250, 2, 'BRILLO', 1000),
	(254, 8, '1/4 OFICIO UN LADO FULL COLOR  280BS', 2000),
	(254, 4, 'DIGITAL 60BS', 1),
	(255, 2, 'MATE', 1000),
	(256, 4, 'ADHESIVAS DE 9X17 (4 DISEÑOS )', 4000),
	(257, 9, 'A4 COUCHE 115GR', 1000),
	(258, 6, '1/4 OFICIO TINTA AZUL UNA COPIA', 10),
	(260, 6, '1/4 OF UN COLOR Y DOS COPIAS EN QUIMICO N 01 (1000BS CON FACTURA)', 80),
	(261, 2, 'BRILLO', 1000),
	(262, 3, 'SIN PLASTIFICAR TAMAÑO 4X5', 1000),
	(263, 6, '1/2 OF TINTA AZUL Y UNA COPIA', 10),
	(263, 2, 'BRILLO', 1000),
	(264, 2, 'MATE', 140),
	(265, 5, 'DOBLE OFICIO UN COLOR', 1000),
	(266, 2, 'MATE', 1000),
	(267, 2, 'BRILLO', 1000),
	(268, 2, 'BRILLO', 1000),
	(269, 2, 'BRILLO', 1000),
	(270, 8, '1/4 OFICIO AMBOS LADOS FULL COLOR', 2000),
	(271, 2, 'BRILLO ( 1000 DE CADA MODELO ) ( 190BS)', 2000),
	(271, 11, '1/2 OFICIO 2 COLORES AZUL Y VERDE DE 100 HOJAS ( 250BS)', 10),
	(272, 8, '1/4 OFICIO AMBOS LADOS FULL COLOR', 1000),
	(273, 2, 'BRILLO', 1000),
	(274, 2, 'BRILLO', 1000),
	(275, 6, '1/2 OFICIO COLOR AZUL UNA COPIA', 10),
	(278, 2, 'BRILLO', 15000),
	(279, 8, '1/4 OFICIO AMBOS LADOS FULL COLOR', 1000),
	(281, 8, '1/4 OFICIO AMBOS LADOS FULL COLOR', 1000),
	(283, 3, '18X2,5 PLASTIFICADO FULL COLOR', 2000),
	(284, 6, '1/4 OF UNA COPIA EN PAPEL QUIMICO', 20),
	(286, 3, 'PLASTIFICADO DE 20X10', 1000),
	(287, 3, 'SIN PLASTIFICADO 11X7.5 CM', 5000),
	(289, 6, '1/4 OFICIO TINTA AZUL Y UNA COPIA', 10),
	(290, 2, 'BRILLO', 1000),
	(291, 2, 'BRILLO', 23000),
	(292, 2, 'BRILLO', 1000),
	(293, 2, 'BRILLO', 1000),
	(295, 3, '18X2.5 PLASTIFICADO FULL COLOR', 1000),
	(296, 3, 'TAMAÑO FULL TARJETA FULL COLOR', 1000),
	(297, 6, '1/4 OFICIO DOS COPIAS QUIMICAS', 78),
	(298, 6, 'UN COLOR LILA, OFICIO (FORMULARIOS DE OPTICA) CON RILLADO, NUMERADO Y PLEGADO', 1000),
	(299, 4, 'FULL COLOR DE 38X9.2 EN PAPEL COUCHE DE 150GR BARNIZADO (SABOR MANZANA)', 1000),
	(300, 2, 'MATE', 1000),
	(301, 2, 'BRILLO', 1000),
	(302, 2, 'BRILLO 100BS.-', 1000),
	(302, 3, 'DE 17X8 FULL COLOR PLASTIFICADO BRILLO', 500),
	(302, 3, 'DE 20X5 PLASTIFICADO BRILLO', 500),
	(303, 2, 'BRILLO', 1000),
	(304, 2, 'BRILLO', 1000),
	(305, 8, 'UN LADO', 1000),
	(306, 2, 'MATE CON 2 PUNTAS CURBEADAS', 1000),
	(307, 8, '1/4 OFICIO UN LADO FULL COLOR 3 DISEÑOS', 3000),
	(308, 3, 'DE 16X7 CADA MIL CON VENCIMIENTO DIFERENTE', 2000),
	(309, 2, 'BRILLO', 1000),
	(310, 8, '1/4 OF UN LADO FULL COLOR COUCHE 115GR', 1000),
	(311, 2, 'BRILLO TAMAÑO 6*2.5', 2000),
	(312, 2, 'MATE (140BS)', 1000),
	(312, 8, '1/4 OF UN LADO FUL COLOR COUCHE 115GR (140BS)', 1000),
	(313, 2, 'BRILLO 2 DISEÑOS', 2000),
	(314, 2, 'DOBLE EN MATE MAS CURVEADO (620BS)', 2000),
	(314, 8, '1/4 OFICIO AMBOS LADOS (900BS)', 8000),
	(314, 11, '1/4 OFICIO UN COLOR TURQUESA (150BS)', 10),
	(316, 9, 'FULL COLOR COUCHE 115', 1000),
	(317, 8, '1/4 OFICIO UN LADO', 2000),
	(318, 2, 'MATE (140)', 1000),
	(318, 5, 'MEDIANO COUCHE DE 115GR ( 650)', 500),
	(319, 2, 'MATE CON 2 PUNTAS CURVEADAS', 1000),
	(320, 2, 'MATE CON 2 PUNTAS CURVAS', 1000),
	(322, 2, 'MATE (160BS)', 1000),
	(324, 4, 'ADHESIVAS DE 3L 30X9 PLASTIFICADO', 3000),
	(324, 4, 'ADHESIVAS DE 17X6', 3000),
	(325, 2, 'BRILLO  (100BS)', 1000),
	(325, 6, '1/2 OFICIO TINTA AZUL Y UNA COPIA (320BS)', 20),
	(326, 5, 'DOBLE OFICIO FULL COLOR', 500),
	(327, 2, 'BRILLO', 1000),
	(328, 3, 'TAMAÑO TARJETA', 2000),
	(329, 2, 'MATE', 3000),
	(330, 2, 'MATE 2 PUNTAS CURVEADAS Y UN PORTA TARJETERO (25BS)', 1000),
	(332, 2, 'MATE 4 PUNTAS CURVEADAS', 1000),
	(333, 2, 'BRILLO', 1000),
	(334, 2, 'BRILLO (100BS)', 1000),
	(334, 6, '1/4 OF TINTA AZUL UNA COPIA QUIMICA (120BS)', 10),
	(335, 6, '1/2 OFICIO UN COLOR Y UNA COPIA EN PAPEL QUIMICO (COMERCIAL ALBA)', 170),
	(336, 2, 'BRILLO', 1000),
	(337, 2, 'BRILLO', 1000),
	(338, 10, 'UN COLOR TAMAÑO A4 (GUINDO) 750BS.-', 4000),
	(338, 11, 'FULL COLOR TAMAÑO CARTA AMBOS LADOS DE A 100 HOJAS  850BS.-', 20),
	(338, 15, 'A4 DOS COLORES (NEGRO Y GUINDO)  1700BS.-', 2000),
	(339, 8, '1/4 OFICIO AMBOS LADOS FULL COLOR COUCHE 115GR', 6000),
	(340, 2, 'BRILLO', 1000),
	(341, 2, 'MATE', 1000),
	(342, 6, '1/2 OFICIO TINTA AZUL UNA COPIA QUIMICA', 30),
	(343, 6, '1/4 OFICIO TINTA AZUL UNA COPIA QUIMICA Nª301', 10),
	(344, 5, 'CALENDARIOS GRANDES 60X40 COUCHE 150GR BARNIZADO', 1000),
	(345, 2, 'BRILLO', 1000),
	(346, 5, 'CALENDARIOS 63X41 COUCHE 150GR SIN BARNIZ', 1000),
	(347, 6, '1/4 OF. ORIGINAL AMBOS LADOS CON DOS COPIAS EN QUIMICO', 100),
	(348, 5, 'CALENDARIOS DE PARED 50*33CM COUCHE 115GR', 1000),
	(349, 8, '1/4 OFICIO UN SOLO LADO', 1000),
	(350, 3, '10x12cm SIN PLASTIFICADO', 1000),
	(351, 5, 'DOBLE OFICIO FULL COLOR 31X43CM EN 115GR', 100),
	(352, 2, 'BRILLO', 1000),
	(353, 2, 'MATE SIN CURVAS', 2000),
	(354, 2, 'MATE CON PUNTAS CURVEADAS', 1000),
	(355, 13, 'CONOS MODELO CLASICO TROQUELADO', 1000),
	(356, 4, 'ADHESIVAS DE 3 LITROS 6 SABORES', 18000),
	(357, 6, '1/2 OF TINTA AZUL UNA COPIA QUIMICA', 20),
	(358, 5, 'DOBLE OFICIO COUCHE DE 115GR', 2000),
	(360, 3, 'plastificado brillo de 20x8,5', 500),
	(360, 3, 'plastificado brillo de 21x5', 500),
	(361, 3, '10X5,5 UN DISEÑO SIN PLASTIFICADO', 10000),
	(361, 5, 'DOBLE OFICIO COUCHE 115GR', 1000),
	(362, 6, '1/4 OF TINTA AZUL Y UNA COPIA QUIMICA N°01', 10),
	(363, 8, '1/4 OF UN LADO COUCHE 115GR', 1000),
	(364, 5, 'TAMAÑO GRANDE 40X60CM EN COUCHE DE 150GR SIN BARNIZ', 2000),
	(365, 5, 'DOBLE OFICIO FULL COLOR COUCHE 15GR', 100),
	(366, 5, 'DE 60X40 FULL COLOR COUCHE DE 150GR', 500),
	(367, 16, 'CON VARILLA DE 0,80X0,70 (BS.-85)', 1),
	(367, 8, '1/2 OFICIO AMBOS LADOS (BS.-380)', 1000),
	(368, 8, '1/4 OF UN LADO COUCHE 115GR', 8000),
	(369, 5, 'DOBLE OFICIO EN COUCHE DE 115GR', 200),
	(371, 8, '1/4 OFICIO SOLO UN LADO', 1000),
	(372, 6, '1/4 OFICIO TINTA AZUL Y UNA COPIA', 10),
	(373, 8, '1/4 OFICIO UN SOLO LADO', 1000),
	(374, 8, '1/4 OFICIO UN SOLO LADO', 1000),
	(375, 8, '1/4 OFICIO UN SOLO LADO', 1000),
	(376, 12, 'TAMAÑO CARTA CON SOLAPA SIN BARNIZ (2050BS)', 1000),
	(376, 17, 'SIN BARNIZ CON COLADO (1150BS)', 1000),
	(377, 5, 'DOBLE OFICIO EN PAPEL BOND UN COLOR', 2000),
	(378, 13, 'CAJAS TROQUELADAS FULL COLOR DUPLEX DE 250GR', 10000),
	(379, 6, '1/2 OFICIO TINTA AZUL Y UNA COPIA', 10),
	(380, 11, '1/4 OFICIO UN COLOR FULL COLOR EN PAPEL COUCHE UN LADO', 10),
	(381, 6, 'de 21x21 full color una copia en químico dos rillados y dos numerados Nº01', 10),
	(382, 17, 'CON ANILLADO DE 6 HOJAS EN COUCHE DE 150GR SIN BARNIZ', 500),
	(383, 2, 'MATE CON 2 PUNTAS CURBEADAS', 1000),
	(384, 2, 'SECTORIZADAS', 1000),
	(385, 4, 'ADHESIVAS 4X4 TROQUELADAS REDONDAS PLASTIFICADAS', 30000),
	(386, 3, 'PLASTIFICADO BRILLO DE 5X5 3 DISEÑOS', 4000),
	(386, 3, 'PLASTIFICADO BRILLO DE 11X6.5 (TONICO)', 2000),
	(386, 3, 'PLASTIFICADO BRILLO DE 10X12 (ROMERO Y JENGIBRE-ALOE), CALVICE, RESURGE', 6000),
	(387, 5, 'CALENDARIOS MEDIANOS EN COUCHE DE 115GR SIN BARNIZ', 1000),
	(388, 2, 'MATE CON 4 PUNTAS CURVEADAS', 1000),
	(389, 5, 'CALENDARIOS GRANDE (64X42) COUCHE DE 115GR', 500),
	(390, 3, 'UN COLOR DE 10X10 UN DISEÑO', 3000),
	(391, 17, 'BARNIZADO FULL COLOR', 1000),
	(392, 5, 'MEDIANO TAMAÑO 50X33CM EN COUCHE DE 115GR', 1000),
	(393, 8, '1/4 OF UN LADO (1200BS)', 16000),
	(393, 5, 'MEDIANOS EN COUCHE DE 115GR (1500BS)', 2000),
	(393, 6, 'ENTRADAS DISTINTAS CANTIDADES DISTINTOS DISEÑOS (2500BS)', 24000),
	(394, 6, 'DE RIFA UN COLOR Nº 01 (Azul)', 20),
	(395, 2, 'BRILLO', 1000),
	(396, 2, 'BRILLO', 1000),
	(397, 5, 'MEDIANO TAMAÑO 50X33CM EN COUCHE DE 115GR', 250),
	(398, 6, '1/4 OFICIO TINTA AZUL Y UNA COPIA', 20),
	(399, 3, 'ETIQUETAS ADHESIVAS BARNIZADAS', 21000),
	(400, 5, 'CALENDARIO GRANDE EN COUCHE DE 115GR', 500),
	(401, 2, 'BRILLO', 1000),
	(402, 5, 'CALENDARIOS MEDIANOS EN COUCHE DE 115GR SIN BARNIZ', 1000),
	(403, 8, '1/4 OFICIO UN SOLO LADO FULL COLOR', 8000),
	(404, 8, '1/4 OF UN SOLO LADO', 1000),
	(405, 2, 'BRILLO', 1000),
	(406, 2, 'MATE SIN CURVAS', 150),
	(407, 8, '1/4 OF UN SOLO LADO', 500),
	(408, 4, 'ADHESIVAS DE 6,5X7 EN COUCHE DE 115GR', 4000),
	(409, 5, 'CALENDARIOS DOBLE OFICIO COUCHE DE 115GR', 500),
	(410, 4, 'PLASTIFICADO BRILLO TROQUELADAS 600ML', 6000),
	(411, 6, 'FORMULARIOS TAMAÑO CARTA UN COLOR (MAGENTA) UN RILLADO Y DOS NUMERADOS', 2000),
	(412, 4, 'ADHESIVAS DISTINTOS TAMAÑOS Y DISEÑOS', 20000),
	(412, 16, '1 METRO X 50 CM UN SOLO DISEÑO', 10),
	(413, 2, 'BRILLO', 1000),
	(414, 3, 'PLASTIFICADO BRILLO DE 41X20', 1000),
	(415, 2, 'MATE CON 2 PUNTAS CURVEADAS', 1000),
	(416, 2, 'BRILLO', 1000),
	(417, 3, 'PLASTIFICADO BRILLO DE 18X8', 2000),
	(418, 2, 'MATE', 1000),
	(419, 2, 'BRILLO DOS MODELOS EN EL REVERSO', 2000),
	(420, 3, 'TAMAÑO TARJETA PLASTIFICADO', 1000),
	(422, 2, 'MATE CON DOS PUNTAS CURVEADAS', 1000),
	(422, 6, '1/2 OFICIO UN COLOR (AZUL) PAPEL QUIMICO CON UNA COPIA', 10),
	(423, 2, 'MATE', 1000),
	(424, 3, 'PLASTIFICADO DE 17X2.97MT', 2),
	(425, 6, '1/4 OFICIO UN COLOR Y UNA COPIA Nº 01', 20),
	(426, 2, 'DOBLES EN MATE 260 BS.-', 1000),
	(426, 2, 'SIMPLES EN MATE 130BS.-', 1000),
	(428, 8, '1/4 OFICIO UN LADO FULL COLOR', 4000),
	(429, 8, '1/4 OFICIO UN LADO FULL COLOR', 1000),
	(430, 2, 'BRILLO', 1000),
	(431, 2, 'MATE', 1000),
	(432, 2, 'MATE', 1000),
	(433, 2, 'MATE CON  PUNTAS CURVEADAS 280bs.-', 2000),
	(433, 3, 'TAMAÑO TARJETA (PROMOCION PLANCHA DE PLASTIFICADOS)', 1000),
	(434, 11, 'DE 50 HOJAS FULL COLOR AMBOS LADOS', 100),
	(435, 2, 'BRILLO', 1000),
	(436, 2, 'MATE', 1000),
	(436, 11, '20 RECETARIOS DE 100 HOJAS FULL COLOR TAMAÑO 1/4 OFICIO', 20),
	(437, 2, 'MATE PUNTAS CURVAS', 1000),
	(438, 5, 'TAMAÑO 50X33CM EN COUCHE DE 115GR SIN BARNIZ', 500),
	(439, 6, '1/4 UN COLOR CON DOS COPIAS EN QUIMICO', 20),
	(427, 14, 'MEDIO OFICIO FULL COLOR COUCHE', 300),
	(440, 2, 'SECTORIZADA CON PUNTAS CURVEADAS', 1000),
	(441, 4, 'ADHESIVAS EN PLASTIFICADO BRILLO DE 10X12 SHAMPOO', 3000),
	(441, 4, 'ADHESIVAS EN PLASTIFICADO BRILLO DE 10X12 ACONDICIONADOR', 2000),
	(441, 4, 'ADHESIVAS EN PLASTIFICADO BRILLO DE 11X6,5 TONICO', 2000),
	(441, 4, 'ADHESIVAS EN PLASTIFICADO BRILLO DE 5X5 (CUADRADO) TONICO', 2000),
	(441, 4, 'ADHESIVAS EN PLASTIFICADO BRILLO DE 15X4 MASCARILLA', 1000),
	(442, 8, '1/4 OFICIO UN LADO FULL COLOR', 1000),
	(443, 6, '1/2 OFICIO TINTA AZUL Y UNA COPIA', 10),
	(444, 6, '1/4 OFICIO TINTA AZUL Y UNA COPIA', 10),
	(445, 8, '1/2 OFICIO AMBOS LADOS EN PAPEL COUCHE (600BS)', 2000),
	(445, 8, 'HOJAS 1/2 OFICIO UN LADO PAPEL BOND UN COLOR (200BS)', 2000),
	(446, 2, 'BRILLO', 1000),
	(447, 2, 'MATE CON PUNTAS CURVEADAS', 1000),
	(448, 2, 'BRILLO', 1000),
	(449, 2, 'BRILLO', 1000),
	(450, 8, '1/4 OFICIO FULL COLOR UN SOLO LADO (2 DISEÑOS 2000 DE UNO Y 1000 DE OTRO)', 3000),
	(451, 6, '1/4 OFICIO TINTA AZUL Y UNA COPIA', 10),
	(452, 6, '1/2 OFICIO UN COLOR (AZUL) Y UNA COPIA EN QUIMICO Nº 01', 10),
	(453, 2, 'EN MATE', 1000),
	(454, 2, 'MATE', 7000),
	(455, 6, '1/4 OFICIO TINTA AZUL Y UNA COPIA COLEGIO COPAPUJYO (CITACION)', 10),
	(455, 6, '1/2 OFICIO TINTA AZUL Y UNA COPIA COLEGIO COPAPUJYO (ACTA DE COMPROMISO)', 10),
	(455, 6, '1/4 OFICIO TINTA AZUL Y UNA COPIA COLEGIO 20 DE OCTUBRE (CITACION)', 10),
	(455, 6, '1/2 OFICIO TINTA AZUL Y UNA COPIA COLEGIO 20 DE OCTUBRE (ACTA DE COMPROMISO)', 10),
	(456, 2, 'SECTORIZADAS CON PUNTAS CURVEADAS', 2000),
	(457, 8, '1/4 OFICIO UN SOLO LADO FULL COLOR', 8000),
	(458, 14, 'CARTILLAS 1/2 OFICIO EN MATERIAL ESCOLAR UN COLOR ( AMARILLO)Y UN SOLO LADO', 600),
	(459, 5, 'CALENDARIO MEDIANO DE 50X33CM COUCHE DE 115GR SIN BARNIZ', 500),
	(460, 4, 'ADHESIVAS DE 12X20 FULL COLOR (GG)', 300),
	(460, 4, 'ADHESIVAS DE 12X20 FULL COLOR (SPARK)', 420),
	(460, 4, 'ADHESIVAS DE 12X20 FULL COLOR (ENDURO)', 480),
	(461, 2, 'BRILLO', 1000),
	(462, 2, 'MATE', 150),
	(463, 6, '1/2 OFICIO UN COLOR (AZUL) Y UNA COPIA EN QUIMICO Nº 01', 10),
	(464, 11, 'DOS COLORES (AZUL Y CELESTE) DE 10,5X6,5', 50),
	(465, 2, 'BRILLO', 1000),
	(466, 8, '1/4 OFICIO UN SOLO LADO FULL COLOR', 1000),
	(468, 10, 'FULL COLOR TAMAÑO OFICIO', 1000),
	(469, 2, 'BRILLO', 1000),
	(469, 6, '1/4 OFICIO UN COLOR Y UNA COPIA Nº 01', 10),
	(470, 6, 'TALONARIOS 1/4 OFICIO  TINTA AZUL Y UNA COPIA (RECIBO DE EGRESOS) 220BS', 20),
	(470, 6, 'TALONARIOS 1/4 OFICIO TINTA AZUL Y UNA COPIA ( RECIBO DE INGRESO)220BS', 20),
	(470, 10, 'TAMAÑO CARTA FULL COLOR', 1000),
	(472, 3, '5X5 FULL COLOR SIN PLASTIFICAR', 1000),
	(473, 2, 'BRILLO', 1000),
	(474, 14, 'CREDENCIALES EN PVC (25BS CADA UNIDAD)', 2),
	(475, 6, '1/2 OFICIO TINTA AZUL Y UNA COPIA', 10),
	(477, 2, 'BRILLO', 1000),
	(478, 2, 'BRILLO', 1000),
	(479, 2, 'BRILLO', 11000),
	(480, 8, '1/2 OFICIO UN SOLO LADO', 2000),
	(481, 6, '1/2 OF UN COLOR UNA COPIA EN QUIMICO', 20),
	(482, 13, 'FULL COLOR UN SOLO DISEÑO EN DUPLEX', 15000),
	(482, 14, 'DE 9X12 FULL COLOR EN DUPLEX 5 DISEÑOS', 5000),
	(484, 8, '1/4 OFICIO UN LADO FULL COLOR', 1000),
	(485, 6, 'UN COLOR LILA, OFICIO (FORMULARIOS DE OPTICA) CON RILLADO, NUMERADO Y PLEGADO Nª 2001', 2000),
	(486, 6, 'UN COLOR LILA, OFICIO (FORMULARIOS DE OPTICA) CON RILLADO, NUMERADO Y PLEGADO Nª 4001', 2000);

CREATE TABLE IF NOT EXISTS `empresas` (
  `id_empresa` bigint unsigned NOT NULL AUTO_INCREMENT,
  `nombreEmpresa` varchar(255) COLLATE utf8mb4_unicode_ci NOT NULL,
  `encargado` varchar(255) COLLATE utf8mb4_unicode_ci NOT NULL,
  `rubroEmpresa` varchar(255) COLLATE utf8mb4_unicode_ci NOT NULL,
  `celulares` varchar(255) COLLATE utf8mb4_unicode_ci NOT NULL,
  `direccionEmpresa` varchar(255) COLLATE utf8mb4_unicode_ci NOT NULL,
  `correoEmpresa` varchar(255) COLLATE utf8mb4_unicode_ci DEFAULT NULL,
  `estadoEmpresa` tinyint(1) DEFAULT '1',
  `created_at` timestamp NULL DEFAULT NULL,
  `updated_at` timestamp NULL DEFAULT NULL,
  PRIMARY KEY (`id_empresa`)
) ENGINE=InnoDB AUTO_INCREMENT=354 DEFAULT CHARSET=utf8mb4 COLLATE=utf8mb4_unicode_ci;

INSERT INTO `empresas` (`id_empresa`, `nombreEmpresa`, `encargado`, `rubroEmpresa`, `celulares`, `direccionEmpresa`, `correoEmpresa`, `estadoEmpresa`, `created_at`, `updated_at`) VALUES
	(2, 'IMPORTADORA KATSU', 'SAMUEL', 'REPUESTOS DE AUTOS', '78315613', 'TUMUSLA ESQ JORDAN', NULL, 1, '2024-11-05 12:22:44', '2024-11-05 12:22:44'),
	(3, 'CREARTE', 'ARNOLD Y ANAHI', 'MUEBLES DE MADERA', '71496824 -63940939', 'CHIQUICOLLLO LADO SURTIDOS FORTALEZA', NULL, 1, '2024-11-05 12:25:25', '2024-11-05 12:25:25'),
	(4, 'INSTITUTO INSTECOL', 'RITA OLGUIN', 'EDUCACION', '73604580', 'CALLE TERAN ESQ UMM MUNICIPIO AIQUILE', NULL, 1, '2024-11-05 12:27:58', '2024-11-05 12:27:58'),
	(5, 'BIOFITNES', 'MIGUEL', 'PRODUCTORA DE REFRESCOS', '68471308', 'ALTO PARAISO 3 CUADRAS AL SUD DE LA AVENIDA AUTONOMA (ZONA SUD)', NULL, 1, '2024-11-05 12:30:21', '2024-11-05 12:30:21'),
	(6, 'BEICRUZ', 'ERIKA', 'DISTRIBUIDORA DE LLANTAS', '62723137', 'CALLE TUMUSLA N°454 ENTRE JORDAN Y CALAMA', NULL, 1, '2024-11-05 12:31:42', '2024-11-05 12:31:42'),
	(7, 'EXPRESO DE VENTAS', 'ANTESOR ROJAS', 'VENTA DE LOTES', '74838401', 'AV PANAMERICANA Y AV SAN BARBARA', NULL, 1, '2024-11-05 12:33:07', '2024-11-05 12:33:07'),
	(8, 'CECAP', 'CARLOS MARTINEZ', 'INSTITUTO DE PREPARACION UNIVERSITARIO', '70366792', 'CALLE CALAMA N°139 ENTRE AYACUCHO Y JUNIN', NULL, 1, '2024-11-05 12:34:28', '2024-11-05 12:34:28'),
	(9, 'JUNTA VECINAL BENANCIO MERCADO', 'JULIO', 'DESFILES-MARCHAS-CONTROL', '72722224', 'S/D', NULL, 1, '2024-11-05 12:35:53', '2024-11-05 12:35:53'),
	(10, 'MECHANIC BIKER', 'AXEL', 'MECANICA DE MOTOS Y BICICLETAS ELECTRICAS', '68477096', 'AV THUNUPA Y CALLE APURIMAK', NULL, 1, '2024-11-05 12:37:05', '2024-11-05 12:37:05'),
	(11, 'RECIMETAL', 'DIEGO RODRIGUEZ', 'JARDINERIA-RECICLADORA-CONSTRUCCION', '77962675', 'S/D', NULL, 1, '2024-11-05 12:39:32', '2024-11-05 12:39:32'),
	(12, 'OPTICA NUEVA IMAGEN', 'CRISTIAN ALBORTA TORREZ', 'CENTRO OFTALMOLOGICO', '70791680', 'AV SAN MARTIN N°147 ENTRE HEROINAS Y COLOMBIA', NULL, 1, '2024-11-05 12:46:19', '2024-11-05 12:46:19'),
	(13, 'VERTIX', 'KEVIN TERCEROS', 'CONSTRUCTORA', '65739728', 'AV ARQUIMIDEZ KM 6 ACERA SUD', NULL, 1, '2024-11-05 12:52:29', '2024-11-05 12:52:29'),
	(14, 'NORDIC GYN', 'RAUL', 'GIMNASIO', '69515333', 'AV GUAYACAN ZONA CAMPO FERIAL', NULL, 1, '2024-11-05 12:53:30', '2024-11-05 12:53:30'),
	(15, 'CONFECCIONES ESTER ELBA', 'ESTER ELBA', 'CONFECCIONESE', '79755808', 'MERCADO FIDEL ARANIBAR PASILLO C N°437', NULL, 1, '2024-11-05 12:54:34', '2024-11-05 12:54:34'),
	(16, 'DIMAGEN', 'RICARDO CASTAÑEDA-SERGIO UZEDA', 'CENTRO ECOGRAFICO', '65718161', 'JUAN CRISOTOMO CARRILLO ENTRE AV SALAMANCA Y PEDRO BORDA TORRE MANJATAN N°920 PRIMER PISO OF2', NULL, 1, '2024-11-05 12:56:06', '2024-11-05 12:56:06'),
	(17, 'QUIMOL', 'JAVIER', 'DISTRIBUIDORA DE MUEBLES PLASTICOS', '76494083', 'AV AYACUCHO N°1654 COMERCIAL OLGA ALOJAMIENTO SAN PEDRO', NULL, 1, '2024-11-05 12:57:41', '2024-11-05 12:57:41'),
	(18, 'COLEGIO TIQUIPAYA', 'EDI PEÑAFIEL', 'TRANSPORTE ESCOLAR', '70366950', 'S/D', NULL, 1, '2024-11-05 12:58:47', '2024-11-05 12:58:47'),
	(19, 'ASOCIACION DE TRANSPORTE ATRAMAC', 'JIOVANNA ROQUE', 'TRANSPORTE PESADO', '72276312', 'S/D', NULL, 1, '2024-11-05 13:00:41', '2024-11-05 13:00:41'),
	(20, 'JUNTA VECINAL 7 ESQUINAS', 'JOSE VILLARROEL-RONALD', 'JUNTA VECINAL', '70372510-60705940', 'S/D', NULL, 1, '2024-11-05 13:02:04', '2024-11-05 13:02:04'),
	(21, 'GLADYS ADHESIVOS ESCOLARES', 'GLADYS  ESPINOZA', 'DISTRIBUIDORA DE ADHESIVOS ESCOLARES', '71484036', 'S/D', NULL, 1, '2024-11-05 13:08:06', '2024-11-05 13:08:06'),
	(22, 'AGENCIA ADVANCE TRAVEL', 'SIN NOMBRE', 'AGENCIA DE VIAJES', '62689067', '25 DE MAYO ENTRE SUCRE Y BOLIVAR', NULL, 1, '2024-11-05 13:09:56', '2024-11-05 13:09:56'),
	(23, 'OTB VIRGEN DE CANDELARIA', 'RAUL MIRANDA', 'CONTROL OTB CANDELARIA', '71770126', 'ZONA EL ABRA AV BOLIVIA', NULL, 1, '2024-11-05 13:14:24', '2024-11-05 13:14:24'),
	(24, 'IMPORTADORA LYM', 'LUIS CAMPOS', 'IMPORTADORA Y DISTRIBUIDORA DE PRODUCTOS INFANTILES', '71746603', 'S/D', NULL, 1, '2024-11-05 13:15:51', '2024-11-05 13:15:51'),
	(25, 'MOVIL SHOP', 'ERICK', 'SERVICIO TECNICO DE CELULARES', '64945410', 'AV SANTA CRUZ', NULL, 1, '2024-11-05 13:22:00', '2024-11-05 13:22:00'),
	(26, 'IBRAITEX', 'JIMENA CHURA', 'CONFECCIONES', '63850653', 'C.NATANIEL AGUIRRE N°767 CASI AROMA', NULL, 1, '2024-11-05 13:27:08', '2024-11-05 13:27:08'),
	(27, 'PAYASO CHURUCUTITO', 'GARY', 'EVENTOS INFANTILES', '+34 613 28 44 89', 'S/D', NULL, 1, '2024-11-05 13:31:25', '2024-11-05 13:31:25'),
	(28, 'PRODUCTOS WARA', 'VICTOR', 'LAVABAJILLAS', '62724343', 'VENTA INTERNET', NULL, 1, '2024-11-05 14:23:02', '2024-11-05 14:23:02'),
	(29, 'BENAFONT', 'DANIEL-DANIELA', 'DISTRIBUIDORA DE BEBIDAS', '68549996-72726148', 'S/D', NULL, 1, '2024-11-05 14:26:30', '2024-11-05 14:26:30'),
	(30, 'HERBERT SINGULAR', 'HERBERT', 'ROPA', '69536823', 'S/D', NULL, 1, '2024-11-05 14:29:16', '2024-11-05 14:29:16'),
	(31, 'DENTAL GALINDO', 'DRA. DEYSI GALINDO MUÑOZ', 'CLINICA DENTAL', '60384330', 'AV PETROLERA KM 9 MONTERANCHO', NULL, 1, '2024-11-05 14:30:42', '2024-11-05 14:30:42'),
	(32, 'COMERCIAL VILLARROEL', 'NESTOR VARGAS', 'SASTRERIA', '77535566', 'MERCADO FIDEL ARANIBAR PASILLO H N°274', NULL, 1, '2024-11-05 14:31:38', '2024-12-27 16:25:08'),
	(33, 'DISTRIBUIDORA DE POLLOS ALEX', 'ALEX', 'DISTRIBUIDORA DE POLLOS', '71711493', 'S/D', NULL, 1, '2024-11-05 14:32:30', '2024-11-05 14:32:30'),
	(34, 'LAUVAL', 'JORGE', 'DISTRIBUIDORA DE BEBIDAS', '72717840', 'S/D', NULL, 1, '2024-11-05 14:35:35', '2024-11-05 14:35:35'),
	(35, 'FABRICA DE INSTRUMENTOS JUTURI', 'RUTH', 'FABRICA DE INSTRUMENTOS', '67480684', 'S/D', NULL, 1, '2024-11-05 14:37:29', '2024-11-05 14:37:29'),
	(36, 'AGUA AUTHENTIC', 'ROCIO', 'DISTRIBUIDORA DE AGUA', '75482541', 'PACATA ALTA BARRIO 10 DE FEBRERO', NULL, 1, '2024-11-05 14:38:39', '2024-11-05 14:38:39'),
	(37, 'CARPAS LONERA', 'ALBERTO GONZALES', 'COMERCIANTE', '75983975', 'AV REPUBLICA', NULL, 1, '2024-11-05 14:39:57', '2024-11-05 14:39:57'),
	(38, 'FISIOTERAPIA Y KINESIOLOGIA JIREH', 'JHESSICA ALVAREZ', 'FISIOTERAPIA Y KINESIOLOGIA', '75476480', 'FINAL KM 15 LORO CALLE PASAJE INNOMINADA', NULL, 1, '2024-11-05 14:41:24', '2024-11-05 14:41:24'),
	(39, 'OASIS BLUM', 'ALBERTO', 'DISTRIBUIDORA DE REFRESCOS', '72784440', 'AV 27 DE JULIO COLCAPIRHUA', NULL, 1, '2024-11-05 14:45:47', '2024-11-05 14:45:47'),
	(40, 'ESTETICA HMIZ', 'LIZ-DAVID MAMANI', 'CUIDADO PERSONAL', '76436116', 'AV SEGUNDA ENTRE MANUEL DE LA FAYA Y MODESTA SANJINEZ', NULL, 1, '2024-11-05 14:47:11', '2024-11-05 14:47:11'),
	(41, 'FRIOREF  JYJ', 'JHONY', 'TECNICO EN REPARACIONES', '74346066', 'SHINAHOTA', NULL, 1, '2024-11-05 14:55:42', '2024-11-05 14:55:42'),
	(42, 'CIRUJANO DE EMERGENCIA', 'MARCO', 'SALUD', '72717031', 'AV AMERICA EDIF TORRE BYB', NULL, 1, '2024-11-05 14:58:22', '2024-11-05 14:58:22'),
	(43, 'OPTICA IDEAL', 'CRISTIAN ALBORTA TORREZ', 'OPTICA', '70791680', 'SAN MARTIN CASI HEROINAS', NULL, 1, '2024-11-05 14:59:55', '2024-11-05 14:59:55'),
	(44, 'SPA NISSI', 'RUDY', 'CUIDADO PERSONAL', '65342005', 'GRL ACHA ENTRE AYACUHO  Y JUNIN', NULL, 1, '2024-11-05 15:35:53', '2024-11-05 15:35:53'),
	(45, 'NOTARIA NELLY SAM', 'CONTADOR WILDER', 'NOTARIA', '79712063', 'CLIZA', NULL, 1, '2024-11-05 15:37:06', '2024-11-05 15:37:06'),
	(46, 'TODO MIEL', 'EDWIN', 'ELABORACION DE PRODUCTOS CON MIEL', '72200944', 'CLIZA', NULL, 1, '2024-11-05 15:38:59', '2024-11-05 15:38:59'),
	(47, 'CARBONES BOLIVIA', 'DELIA ANDRADE', 'VENTA DE CARBON', '64844336', 'SACABA KILOMETRO 7', NULL, 1, '2024-11-05 15:40:55', '2024-11-05 15:40:55'),
	(48, 'MASTER ELETRECTRIC', 'ANDRES', 'MECANICA', '69545613', 'S/D', NULL, 1, '2024-11-05 15:42:22', '2024-11-05 15:42:22'),
	(49, 'ESPERANZA EL SABOR DE A CASA', 'SIN NOMBRE', 'RESTAURANTE', '72907769', 'GERMAN BUSH ENTRE BARRIENTOS Y CHUQUISACA', NULL, 1, '2024-11-05 15:47:46', '2024-11-05 15:47:46'),
	(50, 'COMPRA DE ORO Y EMPRESA', 'KAREN', 'COMPRA DE ORO Y JOYAS', '76452706', '25 DE MAYO ENTRE BOLIVAR Y SUCRE', NULL, 1, '2024-11-05 15:49:11', '2024-11-05 15:49:11'),
	(51, 'DELIVERY UNICO', 'RICHAR FUENTES', 'ENTREGAS', '75461313', 'S/D', NULL, 1, '2024-11-05 15:50:30', '2024-11-05 15:50:30'),
	(52, 'DISTRIBUIDORA DE ALIMENTOS', 'JUAN JOSE', 'ALIMENTO PARA MASCOTAS', '61596593 - 75930273', 'S/D', NULL, 1, '2024-11-05 15:52:11', '2024-11-05 15:52:11'),
	(53, 'LAVAVAJILLA NATURAL', 'OSBALDO ALDUNATE', 'DETERGENTE', '65955748', 'S/D', NULL, 1, '2024-11-05 15:54:02', '2024-11-05 15:54:02'),
	(54, 'LUBRICENTRO MUÑOS', 'JULIO MUÑOS', 'LUBRICANTES', '72719776', 'BLACO GALINDO KILOMETRO 7', NULL, 1, '2024-11-05 15:55:19', '2024-11-05 15:55:19'),
	(55, 'AQUA VIP', 'MARCELA', 'DISTRIBUIDORA DE AGUA', '69924746', 'CALLE TORRES ENTRE LUTERQUIN Y DERECHOS HUMANOS', NULL, 1, '2024-11-05 15:56:59', '2024-11-05 15:56:59'),
	(56, 'SINDICATO DE TRANSPORTE MIXTO ANZALDO', 'JAVIER', 'TRANSPORTE', '71428291', 'ANZALDO', NULL, 1, '2024-11-05 15:58:33', '2024-11-07 16:16:00'),
	(57, 'MILK CREAM', 'NATALY SANABRIA', 'PRODUCTOS ALIMENTICIOS', '75902962', 'VALLE BAJO', NULL, 1, '2024-11-05 16:01:05', '2024-11-05 16:01:05'),
	(58, 'NELCY CELL', 'RAMON', 'VENTA DE CELULARES', '78333003', 'PUNATA Y SAN MARTIN', NULL, 1, '2024-11-05 16:08:41', '2024-11-05 16:08:41'),
	(59, 'CALZADOS JULIETH', 'KAREN CATA', 'VENTA DE ZAPATOS', '63462101', 'CALLE TARATA ESTACION DE TREN', NULL, 1, '2024-11-05 16:09:56', '2024-11-05 16:09:56'),
	(60, 'COCA MACHUCADA TIO JUAN', 'JUAN', 'VENTA DE COCA', '76496908', 'AV VICTOR USTARIZ KM 7', NULL, 1, '2024-11-05 16:13:29', '2024-11-05 16:13:29'),
	(61, 'COE', 'MARY', 'EJERCITO', '74830019', 'S/D', NULL, 1, '2024-11-05 16:15:11', '2024-11-05 16:15:11'),
	(62, 'PICASO', 'WILDER CONTADOR', 'CONSTRUCCION', '7985183', 'AV PANAMERICANA ZONA TAMBORADA', NULL, 1, '2024-11-05 16:19:02', '2024-11-05 16:19:02'),
	(63, 'MI SPACE', 'SONIA', 'ACCESORIOS ELECTRONICOS', '64891922', 'SAN MARTIN Y PUNATA', NULL, 1, '2024-11-05 16:25:59', '2024-11-05 16:25:59'),
	(64, 'OPEXCC', 'ORLANDO MENA', 'DISTRIBUIDOR DE LUBRICANTES', '62744482', 'IVIRGARZAMA', NULL, 1, '2024-11-05 16:40:33', '2024-11-05 16:40:33'),
	(65, 'INFRUBOL', 'FANOR', 'PRODUCTOS ALIMENTICIOS', '73753766', 'S/D', NULL, 1, '2024-11-05 16:42:47', '2024-11-05 16:42:47'),
	(66, 'ARGOTE', 'JOSE ARGOTE-STELA', 'CONSTRUCCION', '79713620', 'AV LA PATRIA Y CABILDO 2638', NULL, 1, '2024-11-05 16:44:25', '2024-11-05 16:44:25'),
	(67, 'CANAL 41 ORVITEL', 'GABRIEL', 'TELECOMUNICACIONES', '77441781', 'S/D', NULL, 1, '2024-11-05 16:47:04', '2024-11-05 16:47:04'),
	(68, 'ECOVIT', 'MARLENE', 'PRODUCTOS DE LIMPIEZA', '77457487-68490699', 'S/D', NULL, 1, '2024-11-05 16:49:18', '2024-11-05 16:49:18'),
	(69, 'CREACIONES OJEDA', 'SORAYA OJEDA', 'VENTA DE  ROPA', '78314750', 'FINAL ESTEBAN ARCE ESQ TAPACARI N°1597', NULL, 1, '2024-11-05 16:52:18', '2024-11-05 16:52:18'),
	(70, 'BOLTRUCK PARTS', 'ARIEL ROSALES', 'VENTA DE ARTICULOS PARA AUTOMOVILES', '72242082', 'MENDEZ ARCOS N°630 ENTRE SUIPACHA Y LOA', NULL, 1, '2024-11-05 16:53:42', '2024-11-05 16:53:42'),
	(71, 'LA ANTHU', 'RAMIRO MONTECINOS', 'COMIDA RAPIDA', '79372133', 'PABLO JAIMEZ ENTRE CALLE BENI Y REDUCTO', NULL, 1, '2024-11-05 16:54:51', '2024-11-05 16:54:51'),
	(72, 'TUJURE', 'OSCAR', 'ALIMENTICIO', '63896064', 'CIRCUNVALACION CASI ATAHUALLPA', NULL, 1, '2024-11-05 16:56:18', '2024-11-05 16:56:18'),
	(73, 'U.E 21 DE SEPTIEMBRE', 'SOLEDAD', 'UNIDAD EDUCATIVA', '79791889', 'ITOCTA DISTRITO N° 9', NULL, 1, '2024-11-05 16:57:54', '2024-11-05 16:57:54'),
	(74, 'AUTOPARTES', 'ARMANDO TAPIA', 'VENTA DE REPUESTOS PARA MOTORIZADOS', '69469598', 'PASAJE TARAPACA', NULL, 1, '2024-11-05 17:00:13', '2024-11-05 17:00:13'),
	(75, 'GRAMAX', 'CONTADOR WILDER', 'MARMOL Y GRANITO', '79712063', 'LA PAZ', NULL, 1, '2024-11-05 17:01:04', '2024-11-05 17:01:04'),
	(76, 'COCA MACHUCADA DON COQUITA', 'DAVID PEREZ VASQUEZ', 'VENTA DE COCA', '65358481', 'S/D', NULL, 1, '2024-11-05 17:02:21', '2024-11-05 17:02:21'),
	(77, 'COCA MACHUCADA TIO COCA', 'ARLINDA', 'VENTA DE COCA', '63864434', 'S/D', NULL, 1, '2024-11-05 17:04:22', '2024-11-05 17:04:22'),
	(78, 'METAL ELECTRIC', 'BRINNER', 'IMPORTADORA DE ELECTRODOMESTICOS', '78333363', 'SUPERMALL BLANCO GALINDO', NULL, 1, '2024-11-05 17:06:42', '2024-11-05 17:06:42'),
	(79, 'KEIZAN', 'JOHN LOPEZ', 'GIMNASIO', '68590382', 'MELCHOR PEREZ Y BATALLON COLORADO', NULL, 1, '2024-11-05 17:10:03', '2024-11-05 17:10:03'),
	(80, 'COMERCIAL CAPRILES', 'MARITZA', 'FERRETERIA', '79722074', 'VILLATUNARI', NULL, 1, '2024-11-05 17:11:16', '2024-11-05 17:11:16'),
	(81, 'GNV', 'JESSI', 'LUBRICANTES', '77937706', 'ZONA SUD', NULL, 1, '2024-11-05 17:12:32', '2024-11-05 17:12:32'),
	(82, 'FERROPLOM', 'FABIOLA Y ALEJANDRO', 'FERRETERIA Y PLOMERIA', '79755138-70366255', 'SIMON LOPEZ Y BEIGING', NULL, 1, '2024-11-05 18:43:18', '2024-11-05 18:43:18'),
	(83, 'AMOBLARTE', 'JAVIER MOLLINEDO', 'FABRICA DE MUEBLES Y MELAMINA', '65506065', 'AV SIMON LOPEZ ENTRE MELCHOR PEREZ Y BEIGING', NULL, 1, '2024-11-05 18:44:15', '2024-11-05 18:44:15'),
	(84, 'JOYERIA RICHARD', 'FABIOLA SOLIZ', 'JOYERIA', '75927517', 'SAN MARTIN Y BRASIL', NULL, 1, '2024-11-05 18:45:24', '2024-11-05 18:45:24'),
	(85, 'ELECTROTECNIA AYALA', 'ANA', 'IMPORTADORA DE PRODUCTOS DE ELECTRICIDAD', '67400578', 'HEROINAS ENTRE SUIPACHA Y FALSURI', NULL, 1, '2024-11-05 18:47:39', '2024-11-05 18:47:39'),
	(86, 'KIMBOX SPORT', 'MARTIN', 'VENTA DE ROPA DEPORTIVA', '76467711', 'ESTABAN ARCE Y AYACUCHO ZONA EL TRIANGULITO', NULL, 1, '2024-11-05 18:50:16', '2024-11-05 18:50:16'),
	(87, 'TROPICAL MUSIC', 'RIDER Y EVER', 'VENTA DE INSTRUMENTOS MUSICALES', '72215616', 'URUGUAY ESQ 25 DE MAYO', NULL, 1, '2024-11-05 18:51:23', '2024-11-05 18:51:23'),
	(88, 'OPTICA FUL VISION', 'GILBERT VARGAS', 'OPTICA', '76964976', 'SAN MARTIN CASI ECUADOR', NULL, 1, '2024-11-05 18:57:20', '2024-11-05 18:57:20'),
	(89, 'SILEC SLR', 'ALVARO', 'DISTRIBUIDORA', '75971111', 'AV AYACUCHO ZONA TERMINAL GALERIA GOLD CENTER', NULL, 1, '2024-11-05 18:59:02', '2024-11-05 18:59:02'),
	(90, 'MUNDO DE BATERIAS', 'CESAR', 'BATERIAS', '72726955', 'FALSURI CASI HEROINAS', NULL, 1, '2024-11-05 18:59:59', '2024-11-05 18:59:59'),
	(91, 'COMERCIAL ADUVIRI', 'GROVER ADUVIRI', 'VENTA DE BATERIAS', '65394118', 'FALSURI CASI HEROINAS', NULL, 1, '2024-11-05 19:01:30', '2024-11-05 19:01:30'),
	(92, 'LECTOR CRISTIANO', 'CARLOS SOTO', 'VENTA DE LIBROS', '72765457', 'S/D', NULL, 1, '2024-11-05 19:02:29', '2024-11-05 19:02:29'),
	(93, 'PAYASO TRAPITO SHOW', 'ALAN BUSTAMANTE', 'SHOW DE ANIMACION', '75672571', 'S/D', NULL, 1, '2024-11-05 19:03:48', '2024-11-05 19:03:48'),
	(94, 'BUDOKAN CENTER', 'ALVARO ARNEZ', 'ARTES MARCIALES', '72203665', 'MAYOR ROCHA N°239', NULL, 1, '2024-11-05 19:04:36', '2024-11-05 19:04:36'),
	(95, 'OPTICA HEIDY', 'DAMIAN', 'OPTICA', '67538976', 'LANZA Y CALAMA EDIFICIO MERIDA', NULL, 1, '2024-11-05 19:05:44', '2024-11-05 19:05:44'),
	(96, 'CONFECCIONES FABIANA', 'CESAR-ESTER', 'CORTE Y CONFECCION', '78332186', 'MERCADO FIDEL ARANIBAR', NULL, 1, '2024-11-05 19:08:14', '2024-11-05 19:08:14'),
	(97, 'MAXI NUTRE', 'MARCELA', 'VENTA DE BARRAS NUTRITIVAS', '68782472', 'CALLE COLOMBIA Y TARAPACA', NULL, 1, '2024-11-05 19:09:10', '2024-11-05 19:09:10'),
	(98, 'PROMED', 'BORIS CHAVEZ', 'AMBULANCIA', '67067213', 'CIRCUNVALACION ZONA AMANCAYAS', NULL, 1, '2024-11-05 19:10:36', '2024-11-05 19:10:36'),
	(99, 'MUEBLERIA COCO', 'YOVANA ADUVIRI-WILDER LIMA', 'VENTA DE MUEBLES', '76405991', 'CALLE SALAMANCA Y AV CIRCUNVALACION CERCA U.E LUTERANA JESUS MAESTRO', NULL, 1, '2024-11-05 19:13:06', '2024-11-05 19:13:06'),
	(100, 'COMERCIAL DAVID', 'DAVID GUTIERREZ', 'VENTA DE ARTICULOS ELECTRONICOS', '76307769', 'MERCADO FIDEL ARANIBAR PASILLO G CASETA 601 Y 602', NULL, 1, '2024-11-05 19:14:36', '2024-11-05 19:14:36'),
	(101, 'BALANZAS FORTON', 'VICTOR VIDAL', 'VENTA DE BALANZAS', '60710000', 'S/D', NULL, 1, '2024-11-05 19:15:30', '2024-11-05 19:15:30'),
	(102, 'RESTAURANTE AMAZONAS', 'FABIO', 'RESTAURANT', '72236930', 'VILLATUNARI', NULL, 1, '2024-11-05 19:16:51', '2024-11-05 19:16:51'),
	(103, 'MARIACHI MI BOLIVIA', 'GUSTAVO', 'MARIACHI - GRUPO MUSICAL', '77413137', 'S/D', NULL, 1, '2024-11-05 19:22:08', '2024-11-05 19:22:08'),
	(104, 'BATERY CENTER', 'FERNANDO ZURITA REYES', 'VENTA DE BATERIAS', '77913190', 'CALLE FALSURI ENTRE GENERAL ACHÁ Y SANTIVAÑEZ N°231', NULL, 1, '2024-11-05 19:24:51', '2024-11-05 19:24:51'),
	(105, 'OPTICA TOTAL VISION', 'KAREN RODRIGUEZ', 'OPTICA-OFTALMOLOGICA', '67416177', 'LANZA ESQUINA BRASIL', NULL, 1, '2024-11-05 22:18:41', '2024-11-05 22:18:41'),
	(106, 'MRYC WORD COMPUTERS', 'MARICRUZ', 'VENTA DE COMPUTADORAS Y SERVICIO TECNICO', '62604739', 'CALLE ESTEBAN ARCE N°1234 ENTRE TOTORAR Y QUILLACOLLO GALERIA AVATAR  OF 6', NULL, 1, '2024-11-05 22:20:08', '2024-11-05 22:20:08'),
	(107, 'OPTICA VALENTINAS', 'ROCIO ROMAN CAMACHO', 'OFTALMOLOGIA-OPTICA', '71447794', 'SAN MARTIN CASI BOLIVAR', NULL, 1, '2024-11-05 22:21:26', '2024-11-05 22:21:26'),
	(108, 'SONIDO VERDOZO', 'RAMIRO VERDOZO', 'AMPLIFICACION', '77410002', 'S/D', NULL, 1, '2024-11-05 22:22:27', '2024-11-05 22:22:27'),
	(109, 'SALTEÑERIA BOOMERANG', 'SIN NOMBRE', 'ALIMENTICIO', '70757670', 'AV BEIGING ESQ TOPATER N°50', NULL, 1, '2024-11-05 22:26:49', '2024-11-05 22:26:49'),
	(110, 'FOTO CREATIVA', 'ANGELICA TADIC', 'ARTES VISUALES', '7228572', 'JUAN DE LA ROSA', NULL, 1, '2024-11-05 22:29:38', '2024-11-05 22:29:38'),
	(111, 'TAVERNETI', 'ABEL RODRIGUEZ', 'TIENDA DE ROPA', '78325820', 'S/D', NULL, 1, '2024-11-05 23:11:16', '2024-11-05 23:11:16'),
	(112, 'MIKUNA', 'RAMIRO', 'ALIMENTICIO', '71730372', 'BOULEVAR DE LA RECOLETA', NULL, 1, '2024-11-05 23:11:59', '2024-11-05 23:11:59'),
	(113, 'PULPASBOL', 'RUBEN', 'DISTRIBUIDORA DE REFRESCOS', '72045723', 'TIQUIPAYA', NULL, 1, '2024-11-05 23:13:10', '2024-11-05 23:13:10'),
	(114, 'INFUSION SALVAJE', 'DELIA CATORCENO', 'CUIDADO PERSONAL', '67440297', 'S/D', NULL, 1, '2024-11-05 23:14:41', '2024-11-05 23:14:41'),
	(115, 'CONFECCIONES CHINO', 'DORIS', 'CONFECCIONES', '70790836', 'MERCADO FIDEL ARANIBAR PASILLO D CASETA 136', NULL, 1, '2024-11-05 23:15:35', '2024-11-05 23:15:35'),
	(116, 'CENTRO DE BATERIAS QUILLACOLLO', 'MARIBEL', 'VENTA DE BATERIAS', '69458746', 'HEROINAS CASI FALSURI', NULL, 1, '2024-11-05 23:18:07', '2024-11-05 23:18:07'),
	(117, 'ABOGADO CANEDO', 'DIMITRI', 'LEYES JURIDICAS', '67512291', 'S/D', NULL, 1, '2024-11-06 13:00:53', '2024-11-06 13:00:53'),
	(118, 'ECOSALUD', 'ROBERTO CASAÑEDA', 'CENTRO ECOGRAFICO', '64957245', 'CALLE PACCIERI ENTRE LANZA CASI ANTEZANA EDIFICIO MALU N 662 PISO 3 OF 302', NULL, 1, '2024-11-06 13:07:05', '2024-11-06 13:07:05'),
	(119, 'CIENTIIFCA', 'MARCELO TRAVIÑO - ANA MARIA', 'EQUIPOS DE LABORATORIO', '78361999 - 73294714', 'CALLE COLOMBIA ESQUINA ESPAÑA', NULL, 1, '2024-11-06 13:09:10', '2024-11-06 13:09:10'),
	(120, 'DESPERTAR DEL COLOR', 'JONATHAN GARCIA', 'PINTURAS', '68541849', 'CALLE LANZA ENTRE ECUADOR Y COLOMBIA N 243', NULL, 1, '2024-11-06 13:10:52', '2024-11-06 13:10:52'),
	(121, 'REPOSTERIA MANOS DUCES', 'MAYERLI', 'REPOSTERIA', '67533862', 'S/D', NULL, 1, '2024-11-06 13:11:49', '2024-11-06 13:11:49'),
	(122, 'LLAVES UNION', 'CARLOS', 'CERRAJERIA', '70377774', 'ESPAÑA 207 ENTRE COLOMBIA Y ECUADOR', NULL, 1, '2024-11-06 13:12:55', '2024-11-06 13:12:55'),
	(123, 'FUNNY SHOP', 'VANESSA ROMERO', 'INSUMOS DE REPOSTERIA', '77455047', 'MERCADO FIDEL ARANIBAR CASILLO H CASETA 652 - 653 |', NULL, 1, '2024-11-06 13:15:44', '2024-11-06 13:15:44'),
	(124, 'TEXTILES YOUGEN', 'MARCO', 'CONFECCIONES', '67465877', 'NATANIEL AGUIRRE CASI AROMA 779', NULL, 1, '2024-11-06 13:17:26', '2024-11-06 13:17:26'),
	(125, 'PISOS BOL', 'LAURO', 'ARTICULOS DE DECORACION', '72290285', 'ESTABAN ARCE ESQUINA LADISLAO CABRERA N° 0284', NULL, 1, '2024-11-06 13:19:28', '2024-11-06 13:19:28'),
	(126, 'INSIDE', 'ERIK', 'ARTICULOS DE SEGURIDAD', '76479476', 'AV. MELCHOR URQUIDI', NULL, 1, '2024-11-06 13:31:16', '2024-11-06 13:31:16'),
	(127, '4 ARROYOS', 'PEDRO', 'VENTA DE INSUMOS NUTRITIVOS', '68584103', 'NATANIEL AGUIRRE ENTRE JORDAN Y CALAMA', NULL, 1, '2024-11-06 13:32:43', '2024-11-06 13:32:43'),
	(128, 'LUBRILUX', 'ALEJANDRO', 'LUBRICANTES', '60366112', 'AV. SIMON LOPEZ CASI MELCHOR PEREZ', NULL, 1, '2024-11-06 13:34:56', '2024-11-06 13:34:56'),
	(129, 'EN OBRAS Y ESTRUCTURAS', 'JORGE', 'CONSTRUCCION', '76948017', 'S/D', NULL, 1, '2024-11-06 13:58:10', '2024-11-06 13:58:10'),
	(130, 'FISIOTERAPIA COLIBRIS', 'VANESA VILLARROEL', 'FISIOTERAPIA Y KINESIOLOGIA', '69549444', 'S/D', NULL, 1, '2024-11-06 14:01:45', '2024-11-06 14:01:45'),
	(131, 'CLUB RAUDAL', 'MARIELA VASQUEZ AVILA', 'ESCUELA DE NATACION', '68723312', 'MENDEZ 167 CIUDAD DE TARIJA', NULL, 1, '2024-11-06 14:02:55', '2024-11-06 14:02:55'),
	(132, 'OPTICA VIP', 'SERGIO CHOQUE', 'OPTICA', '60775513', 'SAN MARTIN CASI COLOMBIA', NULL, 1, '2024-11-06 14:05:51', '2024-11-06 14:05:51'),
	(133, 'COMPRO CABELLOS REMBERTO', 'REMBERTO', 'COMPRA DE CABELLO', '65701347', 'SAN MARTIN Y BRASIL', NULL, 1, '2024-11-06 14:20:12', '2024-11-06 14:20:12'),
	(134, 'NOVATEL', 'BRIGIDA', 'VENTA DE CELULARES', '74811155', 'AYACUHO ENTRE CALAMA Y JORDAN N° 417', NULL, 1, '2024-11-06 15:11:40', '2024-11-06 15:11:40'),
	(135, 'LIVEGOOD', 'CRISTINA SALAZAR', 'SUPLEMENTOS ALIMENTICIOS', '69520139', 'S/D', NULL, 1, '2024-11-06 15:14:58', '2024-11-06 15:14:58'),
	(136, 'IBRAITEC', 'JIMENA CHURRA', 'CONFECCIONES', '63850653', 'NATANIEL AGUIRRE N° 767 CASI AROMA', NULL, 1, '2024-11-06 15:17:31', '2024-11-06 15:17:31'),
	(137, 'FAST FOOD FORKY', 'CRISTIAN MALDONADO', 'RESTAURANTE', '77986778', 'AV. CIRCUMVALACION ESQUINA M.ISABEL PARDO - ZONA PACATA BAJA', NULL, 1, '2024-11-06 15:21:05', '2024-11-06 15:21:05'),
	(138, 'REPOSTERIA SAN CARLOS', 'ERIKA', 'REPOSTERIA', '70705775', 'CALLE LA PAZ CASI AYACUHO', NULL, 1, '2024-11-06 15:36:33', '2024-11-06 15:36:33'),
	(139, 'COMERCIAL FICA TIES', 'FERMANDO TERAN', 'VENTA DE LLANTAS', '69528989', 'AV. AROMA ENTRE COMUNEROS ILLAMPU ACERA OESTE', NULL, 1, '2024-11-06 15:48:37', '2024-11-06 15:48:37'),
	(140, 'ALMA DE MUJER', 'IVONE OMONTE GURIERREZ', 'MODA Y CONFECCIONES', '72777729', 'AYACUCHO ENTRE LA PAZ Y REZA', NULL, 1, '2024-11-06 15:55:35', '2024-11-06 15:55:35'),
	(141, 'PHYSIODINAMIC', 'PAOLA ESCOBAR', 'FISIOTERAPIA Y KINESIOLOGIA', '76936543', 'TORRES ISOS PAPA PAULO Y VENEZUELA', NULL, 1, '2024-11-06 16:00:16', '2024-12-27 16:25:31'),
	(142, 'YOGURT FRUTADO KAYUKU', 'DIANA VERDUGUEZ', 'VENTA DE LACTEOS', '64881977 -79974029', 'ZONA SUD', NULL, 1, '2024-11-06 16:05:49', '2024-11-06 16:05:49'),
	(143, 'CREDIFY', 'ALBERTH SALAZAR', 'PRESTAMISTA', '64840504', 'S/D', NULL, 1, '2024-11-06 16:23:02', '2024-11-06 16:23:02'),
	(144, 'PIZZAS BOLIVIA', 'MIGUEL PELIPES', 'PIZERIA', '60722992', 'CALLE POTOSI ENTRE AVENIDA AMERICA Y BUENOSAIRES', NULL, 1, '2024-11-06 16:29:42', '2024-11-06 16:29:42'),
	(145, 'RECICLADORA DE CHATARA', 'LUIS CHURQUEA', 'VENTA DE CHATARA', '67507933', 'PAMPA SAN MIGUEL C/ PAGO HORCO ENTRE PUNTAS NEGRAS', NULL, 1, '2024-11-06 16:48:43', '2024-11-06 16:48:43'),
	(146, 'SNACK LA FAMILIA', 'ESMERALDA GARCIA', 'SNACK', '72274776', 'S/D', NULL, 1, '2024-11-06 17:05:33', '2024-11-06 17:05:33'),
	(147, 'ESTUDIO JUDIRICO DR ESMERALDA', 'ESMERALDA GARCIA', 'ABOGADA', '72274776', 'CALLE FRNAKLIN ROOSEVELT ESQUINA MELCHOR PEREZ OF 1', NULL, 1, '2024-11-06 17:14:01', '2024-11-06 17:14:01'),
	(148, 'OPTICA VISUAL LOOK', 'ROCIO PARDO', 'OPTICA', '78305493', 'SAN MARTIN ESQUINA ESCUADOR', NULL, 1, '2024-11-06 17:17:13', '2024-11-06 17:17:13'),
	(149, 'DISTRIBUIDORA GES', 'ELVIA', 'DISTRIBUIDORA', '70346122', 'S/D', NULL, 1, '2024-11-06 17:20:10', '2024-11-06 17:20:10'),
	(150, 'LUIS EXPRESS', 'LUIS', 'DELIVERY', '64844336', 'S/D', NULL, 1, '2024-11-06 17:21:40', '2024-11-08 13:32:35'),
	(151, 'FISOTERAPIA OASIS', 'FERNANDO', 'FISOTERAPIA', '64927224', 'AV PERU CALLE ALTO DE LA ALIANZA', NULL, 1, '2024-11-06 17:28:57', '2024-11-06 17:28:57'),
	(152, 'ARQUITECTO  WILLSON', 'WILLSON', 'ARQUITECTO', '12345678', 'S/D', NULL, 1, '2024-11-06 17:31:25', '2024-11-06 17:31:25'),
	(153, 'EXPRESSARTE', 'ELIANA', 'MANUALIDADES', '70768802', 'ANTEZANA ENTRE VENEZUELA Y ECUADOR', NULL, 1, '2024-11-06 18:30:06', '2024-11-06 18:30:06'),
	(154, 'LLANTAS WILLMAN', 'WILLMAN', 'GOMERO', '70732190', 'AV BARRIENTOS ENTRE MANURIPI FRENTE A LA PARADA DE MICROS A CLIZA CASETA 59', NULL, 1, '2024-11-06 18:33:43', '2024-11-06 18:33:43'),
	(155, 'LLANTAS DOMINIC', 'VANNESA', 'GOMERO', '79992096', 'CASETA N° 5 AV. BARRIENTOS', NULL, 1, '2024-11-06 18:35:07', '2024-11-06 18:35:07'),
	(156, 'ART TEXTIL', 'JHOSELIN', 'DECORACION DE INTERIORES', '77408066', 'JUAN DE LA ROSA ESQUINA MEDINACEDI', NULL, 1, '2024-11-06 18:37:40', '2024-11-06 18:37:40'),
	(157, 'HGW - ANDRES', 'ANDRES', 'PROMOTORES', '63972510', 'TROPICO', NULL, 1, '2024-11-06 18:42:09', '2024-12-13 14:41:25'),
	(158, 'MULTIFRUIT', 'CARLA', 'ALIMENTOS', '78596217', 'AV. PERU', NULL, 1, '2024-11-06 18:44:38', '2024-11-06 18:44:38'),
	(159, 'ALBORCORP', 'MIGUEL', 'ALIMENTOS', '70390729', 'S/D', NULL, 1, '2024-11-06 18:46:50', '2024-11-06 18:46:50'),
	(160, 'ASTOM INSTALACION DE GAS', 'ANGEL MENA', 'SERVICIO DE GAS', '65331885', 'AV. HUMBOLT N°423 PASAJE DEL QUIJOTE', NULL, 1, '2024-11-06 18:50:36', '2024-11-06 18:50:36'),
	(161, 'SERVICIO TECNICO WILLIAM', 'WILLIAM', 'TECNICO', '67585483', 'CALLE CONSTANTINO MORALES ENTRE CARMELA CERRUTO Y LUS URIA - QUILLACOLLO', NULL, 1, '2024-11-06 18:52:32', '2024-11-06 18:52:32'),
	(162, 'MISTERCHEF', 'RENE', 'GASTRONOMIA', '77414008', 'SACABA CALLE PERU ENTRE COLOMBIA Y 10 DE JUNIO', NULL, 1, '2024-11-06 18:56:04', '2024-11-06 18:56:04'),
	(163, 'MUNDO COLORS', 'ETSON VEISAGA', 'PINTURA', '76939029', 'FINAL PANAMERICANA A PASOS DEL PUENTE TAMBORADA', NULL, 1, '2024-11-06 18:59:24', '2024-11-06 18:59:24'),
	(164, 'OPTICA POPULAR', 'KEVO', 'OPTICA', '60789334', 'AV. SAN MARTIN ENTRE BOLIVAR Y SUCRE', NULL, 1, '2024-11-06 19:03:42', '2024-11-06 19:03:42'),
	(165, 'ALIAUTO', 'ROBERTO TORRICO', 'REPUESTOS DE AUTO', '70389849', 'CALLE FALSURI N° 155 ENTRE HEROINAS Y GRL ACHA', NULL, 1, '2024-11-06 19:06:59', '2024-11-06 19:06:59'),
	(166, 'PUERTAS BOL', 'STEPHANY TUDELA', 'VENTA DE PUERTAS', '71703655', 'AV. BLANCO GALINDO K2 ACERA NORTE', NULL, 1, '2024-11-06 19:10:57', '2024-11-06 19:10:57'),
	(167, 'CENTRO DERMATOLOGICO INTEGRAL', 'ALFREDO AGUIRRE JIMENEZ', 'DERMATOLOGO', '65500907', 'ANTEZANA N° 317 ENTRE ECUADOR Y VENEZUELA', NULL, 1, '2024-11-06 19:12:59', '2024-11-06 19:12:59'),
	(168, 'MUNDO PLAST', 'ORLANDO RAMIREZ', 'VENTA DE PLASTICO', '63887559', 'AYACUCHO N° 1622', NULL, 1, '2024-11-06 19:14:21', '2024-11-06 19:14:21'),
	(169, 'COTILLONES HAPPY LUCAS', 'JHANCARLA', 'ADORNO INFANTIL', '63885731', 'CALLE FRANSISCO MIRANDA ALTURA DE LA HONDURAS', NULL, 1, '2024-11-06 19:15:49', '2024-11-06 19:15:49'),
	(170, 'CONFECCIONES MAGUIES', 'MAGALY ZEGARRA', 'CONFECCIONES', '79357767', 'SIMON LOPEZ ESQUINA CALAMPAMPA', NULL, 1, '2024-11-06 19:17:20', '2024-11-06 19:17:20'),
	(171, 'ESTETICA MINA', 'JHASS1', 'CUIDADO PERSONAL', '64940626', 'AV. BEIJING ENTRE IRIGIGEN Y 23 DE ENERO EDI TARRACO', NULL, 1, '2024-11-06 19:19:02', '2024-11-06 19:19:02'),
	(172, 'CREACIONES ABDIEL', 'VICTOR', 'MAYORISTA DE CALZADOS', '77996332', 'MERCADO AGUTIN LOPEZ', NULL, 1, '2024-11-06 19:22:38', '2024-11-06 19:22:38'),
	(173, 'CYM COMPUTERS', 'CESAR', 'VENTA DE COMPUTADORAS', '78339226', 'ESTABAN ARCE ENTRE TOTORA Y QUILLACOLLO', NULL, 1, '2024-11-06 19:25:10', '2024-11-06 19:25:10'),
	(174, 'IMPRENTA MARCO ANTONIO', 'MARCO ANTONIO', 'IMPRENTA', '68579650', 'S/D', NULL, 1, '2024-11-06 19:36:55', '2024-11-07 13:49:55'),
	(175, 'NAIS Y BEATY', 'DANITZA', 'MANICURE', '78355113', 'CASTO ROJAS N° 1819 ESQ, MELCHOR PEREZ DE OLGUIN', NULL, 1, '2024-11-07 15:16:00', '2024-11-07 15:16:00'),
	(176, 'CONFECCIONES DEYSI', 'MAGDALENA', 'CONFECCIONES', '79383274', 'SIMON LOPEZ', NULL, 1, '2024-11-07 15:22:42', '2024-11-07 15:22:42'),
	(177, 'CRESER INTEGRAL', 'JANETH', 'PSICOLOGIA EDUCATIVA', '72756175', 'PLAZA PRINCIPAL DE SACABA, EDIF SAN MARCO PRIMER PISO OF 1', NULL, 1, '2024-11-07 15:24:17', '2024-11-07 15:24:17'),
	(178, 'PRODUCTOS ANGHY', 'ARIEL VARGAS', 'VENTA DE FRITURAS', '73581815', 'BENI', NULL, 1, '2024-11-07 15:32:19', '2024-11-07 15:32:19'),
	(179, 'GRANOLA CEREMIX', 'GIOVANA VAZQUEZ', 'DISTRIBUIDORA DE GRANOLA', '72249018', 'BLANCO GALINDO KM 8', NULL, 1, '2024-11-07 15:48:50', '2024-11-07 15:48:50'),
	(180, 'HOME ELECTRIC', 'ERICK', 'VENTA DE ELECTRONICOS', '75908963', 'CALLE SUIPACHA N° 130 ENTRE HEROINAS Y GRAL. ACHA', NULL, 1, '2024-11-07 16:01:22', '2024-11-07 16:01:22'),
	(181, 'WASI PICHINQUILLA', 'RODRIGO MERIDA', 'VENTA DE ELECTRONICOS', '72713083', 'CALLE AVAROA CASI GRAL. ACHA', NULL, 1, '2024-11-07 16:04:18', '2024-11-07 16:04:18'),
	(182, 'PIZZERIA NAPOLI', 'OMAR HEREDIA', 'COMIDA', '65266455', 'SUCRE', NULL, 1, '2024-11-07 16:29:24', '2024-11-07 16:29:24'),
	(183, 'ELECTRONICA MULTISERVICE', 'WILKER', 'SERVICIO TECNICO', '72729091', 'SIMON LOPEZ ENTRE BEIJING Y MERCADO 10 DE FEBRERO', NULL, 1, '2024-11-07 16:43:40', '2024-11-07 16:43:40'),
	(184, 'GRUPO COMERCIAL MAZA', 'LUIS', 'IPORTADORA Y DISTRIBUIDORA DE PRODUCTOS ELECTRONICOS', '72755044', 'CENTRO COMERCIAL GOLD CENTER OF 20', NULL, 1, '2024-11-07 16:53:15', '2024-11-07 16:53:15'),
	(185, 'ECOIMAGEN', 'ROBERTO', 'ECOGRRAFIAS', '64957245', 'LA PAZ', NULL, 1, '2024-11-07 17:12:34', '2024-11-07 17:12:34'),
	(186, 'CLINICA DENTAL BELEN', 'SIN NOMBRE', 'CLINICA DENTAL', '79752969', 'PAJASE LUIS CASTEL N° 16 PRIMER PISO', NULL, 1, '2024-11-07 17:24:15', '2024-11-07 17:24:15'),
	(187, 'VIKINGO', 'JIMENA', 'COMIDA', '77400224', 'S/D', NULL, 1, '2024-11-07 19:55:10', '2024-11-07 19:55:10'),
	(188, 'CAMPO SOL', 'JOSE', 'VENTA DE FERTELIZANTES', '77424542', 'TARIJA', NULL, 1, '2024-11-08 13:10:59', '2024-11-08 13:10:59'),
	(189, 'BABY STAR', 'BORIS', 'ARTICULOS PARA BEBE', '68825241', 'EL GALLO', NULL, 1, '2024-11-08 14:44:15', '2024-11-08 14:44:15'),
	(190, 'OPTICA LARA', 'CRISTIAN', 'OPTICA', '77903082', 'BENI', NULL, 1, '2024-11-08 18:50:04', '2024-11-08 18:50:04'),
	(191, 'JOVIS DISEÑO Y MODA', 'GIOVANA', 'COFECCIONES DE VESTIDOS', '70766112', 'SAN MARTIN Y BRASIL', NULL, 1, '2024-11-08 19:13:30', '2024-11-08 19:13:30'),
	(192, 'TAEKWONDO ITF', 'NAHUEL FLORES', 'ARTES MARCIALES', '72672940', 'HERNAN SILES SUARES', NULL, 1, '2024-11-08 19:51:13', '2024-12-13 14:36:02'),
	(193, 'AUTOPARTES DAFNE', 'ROCIO PASA', 'REPUESTOS DE AUTOS', '74336061', 'AV AROMA EXILES ENTRE CALLE COMUNEROS ESQUINA ILLAMPU', NULL, 1, '2024-11-12 13:31:16', '2024-11-12 13:31:16'),
	(194, 'AUTOPARTES CONCEPCION', 'SENOVIA AQUINO', 'REPUESTOS', '64939160', 'AV. AROMA EXILES ENTRE CALLE ILLAMPU Y COMUNEROS', NULL, 1, '2024-11-12 13:33:53', '2024-11-12 13:33:53'),
	(195, 'CALZADOS FELICIDAD', 'LENNY RAMOS', 'VENTA DE ZAPATOS', '71428560', 'CALLE TARATA  ZONA ESTACION', NULL, 1, '2024-11-12 13:35:41', '2024-11-12 13:35:41'),
	(196, 'NATURAL ENGLISH', 'S/N', 'EDUCATIVO', '61555897', 'AV. SALAMANCA CASI CALLE ANTEZANA EDIFICO SISTECO PISO 2', NULL, 1, '2024-11-12 13:46:27', '2024-11-12 13:47:08'),
	(197, 'LLAVES GLOBAL', 'JAVIER CALDERON', 'VENTA DE LLAVES', '67580612', 'CAPITAN USTARIZ KM 4/5', NULL, 1, '2024-11-12 19:08:53', '2024-11-12 19:08:53'),
	(198, 'CHURRISIMOS', 'SILVANA VILLALOVOS', 'VENTA DE CHURROS', '70738333', 'JUAN DE LA ROSA', NULL, 1, '2024-11-12 19:13:36', '2024-11-12 19:13:36'),
	(199, 'INGENIERO CIVIL - TOPOGRAFO', 'WALTER SAIGUA', 'INGENIERO CIVIL', '78669495', 'CALLE ANTEZANA FRANSISCO N.º 239 ED GUZMAN OF.4', NULL, 1, '2024-11-12 19:55:24', '2024-11-12 20:37:33'),
	(201, 'KE DULCE PASTELERIA', 'VILMA', 'PASTELERIA', '72237699', 'ZONA SUD FINAL PANAMERICANA PRIMERA ENTRADA A SIVINGANI', NULL, 1, '2024-11-13 15:54:24', '2024-11-13 15:54:24'),
	(202, 'IMPORTACIONES VALE', 'EDGAR', 'ETIQUETAS DECORATIVAS PARA COLEGIO', '67478658', 'S/D', NULL, 1, '2024-11-13 15:58:50', '2024-11-13 15:58:50'),
	(203, 'SOPORTE INFORMATICO', 'JOAQUIN CONDE CHOQUE', 'SERVICIO TECNICO', '75987159-6847498', 'AV. CIRCUNVALACION, AV DECIMA C/10 Nº 12', NULL, 1, '2024-11-13 18:54:13', '2024-11-13 18:55:38'),
	(204, 'FREHUBE', 'GENESIS', 'CONSTRUCCION', '68543289', 'CALLE JORDAN PRIMER PISO ENTRE SAN MARTIN Y LANZA', NULL, 1, '2024-11-14 14:20:37', '2024-11-14 14:20:37'),
	(205, 'PERNO_MOTORS', 'GUETSY', 'VENTA DE REPUESTOS DE AUTOS', '74402271', 'SIMON LOPEZ N° 1630', NULL, 1, '2024-11-14 16:46:30', '2024-11-14 16:46:30'),
	(206, 'MEDITERRANEO', 'S/N', 'COMIDA', '70716945', 'CALLE TARIJA N°1508, ENTRE GUADALQUIVIR Y BUENOS AIRES', NULL, 1, '2024-11-14 19:02:01', '2024-11-14 19:02:01'),
	(207, 'RHEEN', 'DAVID', 'VENTA DE ELECTRONICOS', '77494884', 'HEROINAS ESQUINA AVAROA', NULL, 1, '2024-11-14 19:16:53', '2024-11-14 19:16:53'),
	(208, 'BOUTIQUE GIANNYS', 'ROSARIO ARISPE', 'ROPA DE BEBE', '70719452', 'ESPAÑA HEROINAS', NULL, 1, '2024-11-14 19:18:54', '2024-11-14 19:18:54'),
	(209, 'VEGAS CAR WASH', 'ANGEL', 'LAVADERO', '60726907', 'AV. CAP USTARIZ ENTRE MELCHOL', NULL, 1, '2024-11-14 20:39:35', '2024-11-14 20:39:35'),
	(210, 'CURVY', 'WILMA CALLE', 'VENTA DE ROPA', '71787549', 'CALLE JORDAN ENTRE 25 DE MAYO Y ESTEBAN ARCE', NULL, 1, '2024-11-15 13:00:59', '2024-11-15 13:00:59'),
	(211, 'COMERCIAL ZOE', 'NORMAL ALANIS', 'VENTA DE ELECTRODOMESDICOS', '70718916', 'MERCADO CENTRAL MIAMI CASETA N.º 17 - 11', NULL, 1, '2024-11-15 18:52:00', '2024-11-15 18:52:00'),
	(212, 'COMERCIAL YARETZI', 'CLAUIDA FERNANDES', 'VENTA DE ELECTRONICOS', '65507433', 'MERCADO CENTRAL MIAMI', NULL, 1, '2024-11-15 18:56:10', '2024-11-15 18:56:10'),
	(213, 'COMERCIAL AMISTAD', 'JHANET MENCHACA', 'VENTA DE ELECTRONICOS', '72714919', 'MERCADO CENTRAL MIAMI CASETA', NULL, 1, '2024-11-15 18:59:39', '2024-11-15 18:59:39'),
	(214, 'DISEÑO ORAL', 'FRANZ ZURITA', 'ODONTOLOGIA', '72741842', 'AV. CIRCUNVALACION ESQUINA ATAHUALLPA', NULL, 1, '2024-11-15 19:10:14', '2024-11-15 19:10:14'),
	(215, 'TERCIOPELO', 'ELIZABETH', 'SNACK', '68224380', 'AV. LIBERTADOR CASI AMERICA ACERA SUD OESTE N.º 1493', NULL, 1, '2024-11-15 19:12:17', '2024-11-15 19:12:17'),
	(216, 'SABLEE', 'OFELIA', 'SNACK', '65804008', 'JUAN DE LA ROSA CASI LIBERTADOR EDIFICIO GONZALES N.º 0120', NULL, 1, '2024-11-15 19:13:52', '2024-11-15 19:13:52'),
	(217, 'POLLOS A LA LEÑA CALA CALA', 'WILLSON', 'BROASTERIA', '79971361', 'AV LIBERTADOR ESQUINA OBISPO ANALLA', NULL, 1, '2024-11-15 19:20:36', '2024-11-15 19:31:57'),
	(218, 'ELECTROSERVICE', 'FREDDY', 'ELECTRONICA', '79375042', 'C/ URUGUAY ENTRE NATANIEL AGUIRRE Y ESTEBAN ARCE N.º0225', NULL, 1, '2024-11-15 19:32:02', '2024-11-15 19:32:02'),
	(219, 'REPOSTERIA MARIALIZ', 'WILLIAM', 'REPOSTERIA', '63858028', 'S/D', NULL, 1, '2024-11-15 21:51:04', '2024-11-15 21:51:04'),
	(220, 'OPTICA ECOMODA', 'ABIGAIL MANCILLA MITMA', 'OPTICA', '64941304', 'DR. QUILLACOLLO CALLE PACHECO ACERA OESTE ESQUINA COCHABAMBA Nº 240', NULL, 1, '2024-11-15 23:26:46', '2024-11-15 23:26:46'),
	(221, 'BRISAL', 'BRAYAN VASQUEZ - SERGIO AVILES', 'PRODUCTOS PARA PERROS', '62734401', 'S/D', NULL, 1, '2024-11-15 23:27:15', '2024-11-15 23:27:15'),
	(222, 'OPTICA MARQUITOS', 'ABIGAIL MANCILLA MITMA', 'OPTICA', '63900690', 'DR. QUILLACOLLO CALLE PACHECO ACERA OESTE ESQUINA COCHABAMBA Nº 240', NULL, 1, '2024-11-15 23:28:11', '2024-11-15 23:28:11'),
	(223, 'OTB LOMA PAMPA', 'TANIA', 'OTB', '74106763', 'OTB LOMA PAMPA', NULL, 1, '2024-11-16 16:22:37', '2024-11-16 16:22:37'),
	(224, 'NATURA VITA', 'SAMIR', 'S/R', '79390252', 'S/D', NULL, 1, '2024-11-18 14:59:58', '2024-11-18 14:59:58'),
	(225, 'COCA MACHUCADA LA PACEÑITA', 'S/N', 'COCA MACHUCADA', '68450785', 'S/D', NULL, 1, '2024-11-18 15:50:47', '2024-11-18 15:50:47'),
	(226, 'DECONOR', 'JUAN CARLOS', 'DECORACIONES DE CORTINAS', '68033705', 'CALLE BAPTISTA ESQUINA MEXICO', NULL, 1, '2024-11-18 21:00:14', '2024-11-18 21:00:14'),
	(227, 'DECORACIONES DE AUTOS J&C', 'CLAUDIA MACHACA', 'DECORADO DE AUTOS Y ACCESORIOS', '70734000 - 70791939', 'AV. AROMA Nº 1042 EX - SILES ENTRE TIAHUANAKU Y HUASCAR', NULL, 1, '2024-11-18 23:11:36', '2024-11-18 23:11:36'),
	(228, 'PICO DE ORO', 'ESTELA', 'AGRICOLA', '67410095', 'ITOCTA', NULL, 1, '2024-11-19 13:46:02', '2024-11-19 13:46:02'),
	(229, 'COTILLONERIA BURBUJITAS', 'ANAHI', 'DECORACIONES PARA FIESTAS INFANTILES', '75454450 - 77172232', 'AV. CHICHAS', NULL, 1, '2024-11-19 13:58:20', '2024-11-19 13:58:20'),
	(230, 'EL PATRON TUPIZA', 'ANAHI', 'SHOWS INFANTILES', '75454450', 'AV . CHICHAS', NULL, 1, '2024-11-19 14:00:07', '2024-11-19 14:00:07'),
	(231, 'IMPORTADORA LYR', 'ROSSE Y LUIS', 'REPUESTOS', '77429256', 'BLANCO GALINDO Y PERU CENTRO COMERCIAL', NULL, 1, '2024-11-19 19:50:12', '2024-11-19 19:50:12'),
	(232, 'LA CALAKA TATTO', 'MIGUEL ANGEL', 'ESTUDIO DE TATTO', '77976685', 'S/D', NULL, 1, '2024-11-20 15:26:59', '2024-11-20 15:26:59'),
	(233, 'SANTA CECILIA', 'PAULA', 'ES PARA PASANTES', '72700854', 'S/D', NULL, 1, '2024-11-20 21:07:10', '2024-11-20 21:07:10'),
	(234, 'COMERCIAL RECORD', 'AMAEL', 'BATERIAS', '76484334', 'C/ FALSURI ESQ HEROINAS', NULL, 1, '2024-11-20 21:13:04', '2024-11-20 21:13:04'),
	(235, 'COMERCIAL MIRANDA', 'BEYMAR', 'BATERIAS', '74818194', 'HEROINAS ENTRE FALSURI Y SUIPACHA', NULL, 1, '2024-11-20 21:15:22', '2024-11-20 21:15:22'),
	(236, 'ILUMINACIONES JR', 'NESTOR JARILLO', 'PANELES SOLARES', '77990637', 'C/ AVAROA Nª 107 AV HEROINAS ZONA ELFEC', NULL, 1, '2024-11-20 21:33:50', '2024-11-20 21:33:50'),
	(237, 'OPTICA IMAGEN', 'JANNETTE', 'OPTICA', '65708188', 'SAN MARTIN Nª 465 ENTRE CALAMA Y JORDAN', NULL, 1, '2024-11-20 21:38:12', '2024-11-20 21:38:12'),
	(238, 'COMERCIAL VALLE GRANDE', 'RENE', 'BAETERIAS', '76320190', 'FALSURI   ESQ GENERAL ACHA', NULL, 1, '2024-11-20 21:41:17', '2024-11-20 21:41:17'),
	(239, 'OPTICA V CLARO', 'SISI', 'OPTICA', '77923385', 'AV SAN MARTIN ENTRE COLOMBIA Y ECUADOR', NULL, 1, '2024-11-20 21:45:20', '2024-11-20 21:45:20'),
	(240, 'CONSULTORA MULTI EDUCACIONAL DHR', 'S/N', 'EDUCACIONAL', '70741900', 'SAN MARTIN ENTRE LADISLAO CABRERA Y URUGUAY #644 SHOPPING "SAN MARTIN" 2DO PISO OF. 51', NULL, 1, '2024-11-21 15:47:59', '2024-11-21 15:47:59'),
	(241, 'UN LUGAR SEGURO - CONSULTORIO PSICOLOGICO', 'LIZETH', 'PSICOLOGA', '72283522', 'AV SALAMANCA ENTRE LANZA Y ANTEZANA EDIF. SISTECO OF 3 PISO 3', NULL, 1, '2024-11-21 15:51:26', '2024-11-21 15:51:26'),
	(242, 'IMPULSO', 'JORGE CHAVEZ - BEATRIZ FABIAN', 'VENTA DE ZAPATOS', '75470278', 'S/D', NULL, 1, '2024-11-21 22:01:41', '2024-11-21 22:01:41'),
	(243, 'OPTICA PRISMA VISION', 'SERGIO', 'OPTICA', '60775513', 'SAN MARTIN Nª226 ENTRE COLOMBIA Y ECUADOR ACERA ESTE', NULL, 1, '2024-11-21 22:25:00', '2024-11-21 22:25:00'),
	(244, 'RESTAURANT DOÑA ELY', 'ELY', 'VENTA DE COMIDA', '79733241', 'PUERTO QUIJARRO', NULL, 1, '2024-11-22 20:56:21', '2024-11-22 20:56:21'),
	(245, 'DENTAL CLUB', 'LUIS', 'DENTISTA', '75880914', 'C/ ESTEBAN ARCE ENTRE LA DISLAO CABRERA Y CALAMA', NULL, 1, '2024-11-22 22:56:16', '2024-11-22 23:57:01'),
	(246, 'LINCOLN TOWER', 'EDUARDO SORIA', 'INMOVILIARIA', '77901258', 'S/C', NULL, 1, '2024-11-22 23:02:52', '2024-11-22 23:02:52'),
	(247, 'FERRETERIA TITAN', 'JOSE', 'FERRETERIA', '63900754', 'FINAL NORTE POTOSI SALIDA A UNCIA CRUCE VIACHA', NULL, 1, '2024-11-25 16:32:02', '2024-11-25 16:32:02'),
	(248, 'GYM NORDIC', 'RAUL', 'GIMNACIO', '69515333', 'LAGUNA LALAY', NULL, 1, '2024-11-25 16:38:18', '2024-11-25 16:38:18'),
	(249, 'CELU CENTER', 'VICTORIA', 'VENTA DE CELULARES', '62628779- 62612636', 'AYACUCHO CASI ESQUINA JORDAN ALADO DE INSTITUTO ALVAREZ PLATA', NULL, 1, '2024-11-25 22:06:57', '2024-11-25 22:06:57'),
	(250, 'MONSERRATTE', 'PATRICIA GUZMAN', 'VENTA DE CELULARES', '72419670', 'AYACUCHO Nº 0455 ENTRE CALAMA Y JORDAN ACERA ESTE', NULL, 1, '2024-11-25 22:08:54', '2024-11-26 12:44:20'),
	(251, 'CONSTRUCTORA ANTEZANA', 'ANTONIO ANTEZANA', 'CONSTRUCCION', '70344297', 'S/D', NULL, 1, '2024-11-26 13:11:11', '2024-11-26 13:11:11'),
	(253, 'CASA DEL CERRAJERO', 'SILVIA', 'VENTA DE MATERIAL PARA CERRAJERIA', '78349355', 'AV SIMON LOPEZ Nº 1839 FRENTE DOÑA LEO', NULL, 1, '2024-11-26 21:43:48', '2024-11-26 21:43:48'),
	(254, 'OMEGA', 'LILIAN', 'VENTA DE COMPUTADORAS', '79733241', 'SUPER MOLL BLANCO GALINDO', NULL, 1, '2024-11-26 22:10:03', '2024-11-26 22:10:03'),
	(255, 'BIOLIFE', 'WILLY CELULARES', 'PRODUCTOS PARA LA SALUD', '75470792', 'S/D', NULL, 1, '2024-11-27 00:07:45', '2024-11-27 00:07:45'),
	(256, 'VALTECNIC', 'JUAN', 'BIENES RAICES', '67507188', 'HUPERMALL BLANCO GALINDO TERCER PISO LOCAL 2', NULL, 0, '2024-11-27 13:25:40', '2024-12-27 14:51:47'),
	(257, 'OVER CITY', 'NOEMI', 'VENTA DE COMPUTADORAS', '79971477', 'ESTEBAN ARCE GALERIA MUNDO ELECTRONICO', NULL, 1, '2024-11-27 19:23:36', '2024-11-27 19:23:36'),
	(258, 'DELFINET', 'WILLY', 'VENTA DE PROYECTORAS', '79969059', 'ESTEBAN ARCE GALERIA COSMER OF. 2', NULL, 1, '2024-11-27 19:29:16', '2024-11-27 19:29:16'),
	(259, 'DEVIDCELL', 'DAVID', 'VENTA DE CELULARES', '69493752', 'AYACUCHO ENTRE URUGUAY Y LA DISLAO', NULL, 1, '2024-11-27 19:38:25', '2024-11-27 19:38:25'),
	(260, 'FERROELECTRIC', 'EDWIN', 'FERRETERIA', '74088452', 'AV. HEROINAS N.º 661 ZONA NORTE', NULL, 1, '2024-11-27 19:49:08', '2024-11-27 19:49:08'),
	(261, 'NAIS Y BEATY (PELUQUERIA - BARBERIA ON POINT)', 'DANITZA', 'BARBERIA', '75520544', 'CALLE CASTRO ROJAS Nº 1819 ESQUINA MELCHOR PEREZ DE OLGUIN', NULL, 1, '2024-11-27 21:52:46', '2025-01-04 13:59:44'),
	(262, 'IMPORTACIONES JyJ', 'ROXANA CALDERON', 'VENTA DE MOCHILAS Y MALETAS', '79742009 - 73752354', 'AV BARRIENTOS Y TARATA MERCADO FIDEL ARANIBAR  PASILLO ¨J¨ CASETA 727', NULL, 1, '2024-11-28 13:56:10', '2024-11-28 13:56:10'),
	(263, 'CENTRO MEDICO INTEGRAL MUJER', 'MAGDALENA', 'CENTRO MEDICO', '72275862', 'BLANCO GALINDO ENTRE SANTA CRUZ CASI BENI. QUILLACOLLO', NULL, 1, '2024-11-28 19:05:53', '2024-11-28 19:05:53'),
	(264, 'MULTITEC', 'VICTOR ALEJANDRO CAQUIVA', 'INGENERIA Y SERVICIO TECNICO', '60751277', 'KM 10 AV. PETROLERA', NULL, 1, '2024-11-28 19:10:34', '2024-11-28 19:10:34'),
	(265, 'FUMIS', 'JHON PARIENTE', 'FUMIGACION', '70362133', 'MELCHOR PEREZ OSCAR CERRUTO', NULL, 1, '2024-11-28 19:14:27', '2024-11-28 19:14:27'),
	(266, 'MOTO REPUESTOS ULICES', 'LUIS ENRIQUE', 'VENTA DE REPUESTOS', '71435374', 'PERU ENTRE MERCED Y BLANCO GALINDO', NULL, 1, '2024-11-28 19:22:54', '2024-11-28 19:22:54'),
	(267, 'INTEGRAL VET', 'KARINA', 'VETERINARIA', '75941244', 'ALFREDO ARAUJO 174', NULL, 1, '2024-11-28 21:05:56', '2024-11-28 21:05:56'),
	(268, 'NEVOGAS', 'ORLANDO', 'LUBRICANTES', '703871193', 'SIMON LOPEZ BEIJING', NULL, 1, '2024-11-28 22:20:40', '2024-11-28 22:20:40'),
	(269, 'SINDICATO MIXTO POJO MINI BUS', 'JHACK', 'SINDICATO DE TRANSPORTE', '67512225', 'CALLE POJO NORTE FRENTE AL COMPLEJO DEPORTIVO PETROLERO', NULL, 1, '2024-11-28 22:26:25', '2024-11-28 22:26:25'),
	(270, 'CLASSY STORE SUSSY', 'SUSANA', 'LENCERIA', '64916664', 'AV. FELIX ARANIVAR ENTRE JUAN DE LA ROSA Y FLORA SALINA N° 1420', NULL, 1, '2024-11-29 12:53:41', '2024-11-29 12:53:41'),
	(271, 'BEDOYADENT', 'JYIMY', 'ODONTOLOGIA', '76950067', 'ESQ. 10 DE NOVIEMBRE Y 14 DE SEPTIEMBRE', NULL, 1, '2024-11-29 13:18:31', '2024-11-29 13:18:31'),
	(272, 'TODO KIDS ARTICULOS PARA BEBES COCHABMBA', 'SILVIA', 'VENTA DE ARTICULOS PARA NIÑOS', '70397250', 'ED.COMERCIAL ROCHA C/JORDAN ENTRE ESTEBAN ARCE Y 25 DE MAYO', NULL, 1, '2024-11-29 21:47:34', '2024-11-29 21:47:34'),
	(273, 'COTILLONES HAPPY LUCAS (JUGUETERIA BABY LUCAS)', 'JHIAN CARLA', 'JUGUETERIA', '63885731', 'C/ FRANCISCO MIRANDA PARALELA DE LA REPUBLICA Y HONDURAS', NULL, 1, '2024-12-02 16:38:55', '2024-12-02 17:21:55'),
	(274, 'OPTICA ESFERA', 'MIKAELA', 'OPTICA', '69254111', 'AV. SALAMANCA CASI PLAZUELA QUINTANILLA', NULL, 1, '2024-12-02 17:28:16', '2024-12-02 17:28:16'),
	(275, 'INTERVISION', 'ROLY', 'CAMARA DE SEGURIDAD', '68440202', 'IVIRGARZAMA', NULL, 1, '2024-12-03 16:48:05', '2024-12-03 16:48:05'),
	(276, 'RADIO MOVIL K RIVER', 'KAREN', 'RADIO TAXI', '75990988', 'QUILLACOLLO', NULL, 1, '2024-12-04 17:20:45', '2024-12-04 19:38:53'),
	(277, 'COCA MACHUCADA LA PACEÑITA (TALLERES FUMPUOR)', 'S/N', 'CERRAJERIA', '68450785', 'CALLE CARLOS PEÑA ZONA IQUIRCOLLO', NULL, 1, '2024-12-04 19:37:21', '2024-12-04 19:37:21'),
	(278, 'TU AMIGO CONTIGO S.R.L', 'S/N', 'BANCO FINANCIERO', '75467600', 'AV. SIGLO XX Nº 4391 1 CUADRA AL SUD DE LA ENTRADA AL CEMENTERIO DE VALLE HERMOSO', NULL, 1, '2024-12-04 21:37:34', '2024-12-04 21:37:34'),
	(279, 'RAQUET CALIFORNIA', 'S/N', 'AREA DE DEPORTES', '70724651', 'MELCHOR PEREZ Y AMERICA', NULL, 1, '2024-12-05 13:27:57', '2024-12-05 13:27:57'),
	(280, 'IMPORTADORA GOMEZ', 'MAURICIO', 'REPUESTOS DE AUTOS', '77485158', 'AV SIGLO XX YFINAL BOBADILLA ACERA OESTE', NULL, 1, '2024-12-05 13:32:35', '2024-12-05 13:32:35'),
	(281, 'MAZALITA', 'MELVA CONDORI', 'ALIMENTOS BALANCEADO E INSUMOS', '68499152', 'YURAJ MOLINO - POCONA', NULL, 1, '2024-12-05 19:20:56', '2024-12-05 19:20:56'),
	(282, 'COSITAS RIKAS', 'ERICK BALDEMARRA RAMIREZ', 'PENCION', '60386684', 'AV. MAXIMILIANO KOLBE ESQUINA TERCERA', NULL, 1, '2024-12-05 19:39:46', '2024-12-05 19:39:46'),
	(283, 'COCA MACHUCADA LEPRECHAUN', 'JHOEL', 'VENTA DE COCA', '72742302', 'S/N', NULL, 1, '2024-12-06 19:29:08', '2024-12-06 19:29:08'),
	(284, 'ELECTRONICA RBJ', 'JAVIER', 'VENTA ELECTRONICA', '60795520', 'S/D', NULL, 1, '2024-12-06 19:43:15', '2024-12-06 19:43:15'),
	(285, 'DELIVERY VIP', 'ANA PARRA', 'DELIVERY', '79704022', 'S/D', NULL, 1, '2024-12-07 18:21:41', '2024-12-07 18:21:41'),
	(286, 'LA MANGUERITA FELIZ', 'JOSE', 'LAVADERO', '76431172', 'AV CALANCHA Y BARTOLOMER', NULL, 1, '2024-12-07 18:37:11', '2024-12-07 18:37:11'),
	(287, 'DIFAN', 'JUAN CARLOS CALCINA', 'DISTRIBUIDOR DE ALMIDON DE MAIZ', '71747373', 'ZONA SUD PUCARA GRANDE MANZANO 401, CALLE INNOMINADA S/N', NULL, 1, '2024-12-09 19:29:58', '2024-12-09 19:29:58'),
	(288, 'MUEBLES KATTIE', 'JAIME CONDORI', 'VENTA DE MUEBLES', '72932705', 'CALLE GUALBERTO VILLAROEL Y ANICETO ARCE', NULL, 1, '2024-12-09 19:54:02', '2024-12-09 19:54:02'),
	(289, 'PHYSIO EXPRESS', 'RODRIGO', 'FISIOTERAPEUTA', '60429616', 'AV. THUNUPA ENTRE BAURE Y LECO', NULL, 1, '2024-12-10 18:59:54', '2024-12-10 18:59:54'),
	(290, 'FERRETERIA SAN MARCOS', 'MARCO', 'FERRETERIA', '79387074', 'SIMON LOPEZ PASANDO LA CHICHARRONERIA DOÑA LEO', NULL, 1, '2024-12-11 20:55:19', '2024-12-11 20:55:19'),
	(291, 'DEJANDO HUELLITAS', 'MARCELA Y RONALD VALDEZ', 'FUNERARIA DE MASCOTAS', '65263490 - 75444888', 'SUCRE', NULL, 1, '2024-12-12 23:53:55', '2024-12-12 23:53:55'),
	(292, 'PULPERIA POPULAR DEL SUR', 'GIOVANA ZERDA VILLEGAS', 'MICROMERCADO', '63835449', 'MAICA ATRAS DEL ENMALLADO', NULL, 1, '2024-12-13 22:46:16', '2024-12-13 22:46:16'),
	(293, 'PAYASO CENTAVITO', 'DANIEL', 'PAYASO', '65306338', 'S/D', NULL, 1, '2024-12-14 17:41:13', '2024-12-14 17:41:13'),
	(294, 'COMERCIAL ELIAS COLORS', 'ADELA', 'VENTA DE PINTURA', '67528934', 'LANZA Y COLOMBIA', NULL, 1, '2024-12-16 19:24:07', '2024-12-16 19:24:07'),
	(295, 'RETIFICADORA CJ MOTORS', 'BRANDON', 'VENTA DE REPUESTOS', '71484529', 'AV. VERACRUZ Nº465 BASE AEREA', NULL, 1, '2024-12-16 20:03:23', '2024-12-16 20:03:23'),
	(296, 'PAPAS RUSSEL', 'JHONATAN', 'VENTA DE FRITURAS', '60701273', 'COBOL', NULL, 1, '2024-12-16 21:03:29', '2024-12-16 21:03:29'),
	(297, 'COMERCIAL HALLEY', 'LIZANDRO - DANIEL', 'JOYERIA', '64430800', 'LADISLAO CABRERA ENTRE 25 DE MAYO Y SAN MARTIN', NULL, 1, '2024-12-17 15:29:07', '2024-12-17 15:29:07'),
	(298, 'MOTO TAXI VIRGEN DEL CARMEN', 'LUIS JIMENEZ', 'MOTO DELIVERY', '64835445', 'AV. ELIAS MENECES ZONA POCPOCOLLO', NULL, 1, '2024-12-17 15:32:18', '2024-12-17 15:32:18'),
	(299, 'TIENDA KIDS JUNIOR', 'S/N', 'VENTA DE ARTICULOS PARA NIÑOS', '76484958', 'AYACUCHO ENTRE HEROINAS Y NRAL. ACHA. GALERIA PLAZA 10', NULL, 1, '2024-12-17 20:58:17', '2024-12-17 20:58:17'),
	(300, 'ROCIO IMPRENTA', 'ROCIO', 'VENDODORA', '67683494', 'S/D', NULL, 1, '2024-12-18 01:21:42', '2024-12-18 01:21:42'),
	(301, 'PLASTIPAPEL', 'GABRIEL TORREZ', 'VENTA DE PLASTICO Y PAPEL', '77909100', 'S/D', NULL, 1, '2024-12-19 00:39:54', '2024-12-19 00:40:19'),
	(302, 'FARMALY', 'LILIAN GOMEZ', 'FARMACIA', '76902144', 'S/D', NULL, 1, '2024-12-19 00:57:42', '2024-12-19 00:57:42'),
	(303, 'HACIENDA MARLENE', 'MARLENE', 'VIVERO', '76420253', 'S/D', NULL, 1, '2024-12-21 13:37:17', '2024-12-21 13:37:17'),
	(304, 'KATHIA JEANS', 'KHATIA', 'VENTA DE ROPA', '79370872', 'ESTEBAN ARCE ENTRE TARATA Y TOTORA, FRENTE GALERIA FRANCISCANA', NULL, 1, '2024-12-27 13:05:23', '2024-12-27 13:05:23'),
	(305, 'IMPERLOSAS', 'ARMINDA - MARIO', 'MUROS DE CONTENCION Y TABIQUES', '78133852', 'S/D', NULL, 1, '2024-12-27 16:12:53', '2024-12-27 16:12:53'),
	(306, 'SAIMONS', 'JOSE ISAIAS', 'VENTA DE MUEBLES', '76953003', 'LADISLAO CABRERA Nº 0329 ENTRE 25 DE MAYO Y ESTEBAN ARCE', NULL, 1, '2024-12-27 23:08:45', '2024-12-27 23:08:45'),
	(307, 'CALZADOS BERTHA', 'BERTHA', 'VENTA DE ZAPATOS', '72720083', 'ZONA ESTACION DE TRENES', NULL, 1, '2024-12-27 23:14:46', '2024-12-27 23:14:46'),
	(309, 'SKYTECH', 'CARLOS', 'servicio técnico y venta de laptops', '75963128', 'ESTEBAN ARCE EDIF MALL CBBA', NULL, 1, '2024-12-30 23:07:01', '2024-12-30 23:07:01'),
	(310, 'MOTOREPUESTOS TOALINA', 'VICTORIA', 'VENTA DE REPUESTOS', '75846996', 'AV. PERU Y LA MERCED', NULL, 1, '2024-12-31 14:16:23', '2024-12-31 14:16:23'),
	(311, 'AS ELECTRIC', 'ANAHI', 'VENTA DE ELECTRONICOS', '69413597', 'C/ GENERAL ACHA Nº 078 ENTRE AVAROA Y SUIPACHA', NULL, 1, '2025-01-02 16:13:14', '2025-01-02 16:13:14'),
	(312, 'LIGA MAXI BASQUET', 'CLELIA SUSY BERNAL FERNANDEZ', 'ESCUELA DEPORTIVA', '79718413', 'S/N', NULL, 1, '2025-01-02 16:25:39', '2025-01-02 16:25:39'),
	(313, 'COMPRO CABELLO PRISMIC', 'DEMETRIO CLAROS', 'VENTA DE CABELLOS', '67587501', 'QUILLACOLLO', NULL, 1, '2025-01-02 16:32:43', '2025-01-02 16:32:43'),
	(314, 'CLINICA DE ROPA NILSER', 'NILSER', 'TEXTIL', '67523319', 'Simon Lopez y Calapampa', NULL, 1, '2025-01-02 16:52:43', '2025-01-02 16:52:43'),
	(315, 'LOS PEK"ES EVENTOS', 'MARIBEL', 'SERVICIO DE CATERING', '61612041', 'AVENUE 38 QUILLACOLLO', NULL, 1, '2025-01-02 17:00:58', '2025-01-02 17:00:58'),
	(316, 'NAJERA VIAJES', 'NIMIA', 'AGENCIA DE VIAJES', '77439032', '25 DE MAYO ENTRE ECUADOR Y COLOMBIA, FRENTE A CINE CAPITOL', NULL, 1, '2025-01-02 21:15:37', '2025-01-02 21:15:37'),
	(317, 'CETRO', 'OLIVERA', 'CENTRO TOMOGRAFICO', '62654706', 'AV SALAMANCA Nº 849 EDICIFIO ROSARIO ESQUINA CONSTITUCION', NULL, 1, '2025-01-03 15:32:51', '2025-01-03 15:32:51'),
	(318, 'CALZADOS SONIA', 'SONIA', 'VENTA DE CALZADOS', '67429640', 'ACERA DE LA ESTACION TARATA Y FRANCISCO  VELARDE', NULL, 1, '2025-01-03 18:31:25', '2025-01-03 18:31:25'),
	(319, 'TERAPIA SEXUAL Y DE PAREJAS', 'MERCEDES ALVARO', 'GABINETE DE TERAPIA FAMILIAR', '700032446', 'CALLE LA PAZ Y ANTEZANA', NULL, 1, '2025-01-03 18:35:52', '2025-01-03 18:35:52'),
	(320, 'SERVICIOS EDUCATIVOS GALILEO', 'LUIS PAREDES', 'APOYO ESCOLAR', '75943799', 'AV. HEROINAS Nº 471 ENTRE SAN MARTIN Y 25 DE MAYO ( NORTE) EDIFICIO "HEROINAS", 2DO PISO, OFICINA Nº 3', NULL, 1, '2025-01-03 20:15:29', '2025-01-03 20:15:29'),
	(321, 'AGUA AUTENTIC', 'ROCIO', 'VENTA DE AGUA EN BOTELLON', '75482541', 'PACATA ALTO BARRIO 10 DE DICIEMBRE', NULL, 1, '2025-01-03 20:21:29', '2025-01-03 20:21:29'),
	(322, 'VINTAGE GROUP', 'MAURICIO VARGAS', 'GRUPO MUSICAL', '77930034', 'S/D', NULL, 1, '2025-01-04 16:12:45', '2025-01-04 16:12:45'),
	(323, 'OPTICA FOCUS', 'DANIELA VILDOZO', 'OPTICA', '62652003', 'SAN MARTIN ENTRE COLOMBIA Y ECUADOR', NULL, 1, '2025-01-04 18:19:04', '2025-01-04 18:19:04'),
	(324, 'RODAFER', 'JUAN FERNANDEZ', 'IMPORTADORA DE REPUESTOS DE AUTOS', '70763297', 'SANTIVAÑES Nº 574', NULL, 1, '2025-01-06 21:10:17', '2025-01-06 21:10:17'),
	(325, 'ODONTO FAMILIA', 'CAROLINA GOMEZ', 'DENTISTA', '72702520', 'S/D', NULL, 1, '2025-01-06 21:13:10', '2025-01-06 21:13:10'),
	(326, 'AUTO ESCUELA TUNARI', 'VICTOR HUGO', 'ESCUELA DE CONDUCIR', '77499128', 'S/D', NULL, 1, '2025-01-06 21:54:59', '2025-01-06 21:54:59'),
	(327, 'MOTO REPUESTOS ZAMBRANA', 'ROSALIA', 'MECANICA DE MOTOS', '75969544', 'AV. PERU ENTRE LAMERCED Y VIRREINATO DE LA LIMA', NULL, 1, '2025-01-07 13:50:24', '2025-01-07 13:50:24'),
	(328, 'DECORACIONES EL SHADAI', 'OMAR', 'DECORACIONES DE CORTINAS', '67578130', 'AV. SANTA CRUZ CALLE PADILLA', NULL, 1, '2025-01-07 21:20:29', '2025-01-07 21:20:29'),
	(329, 'COMERCIAL SPORTRAK TIRES', 'JHON', 'VENTA DE LLANTAS', '74365642', 'QUILLACOLLO, AV. NELIDA DE GUERRA ENTRE LUIS URIA', NULL, 1, '2025-01-07 21:24:31', '2025-01-07 21:24:31'),
	(330, 'COMERCIAL NICOLOR', 'JORGE CHURA', 'VENTA DE PINTURA', '78349283', 'LANZA Nº 260 ENTRE ECUADOR Y COLOMBIA', NULL, 1, '2025-01-07 21:27:53', '2025-01-07 21:27:53'),
	(331, 'INSTITUTO TECNOLOGICO AUTO TRONIX', 'JOSE LUIS ROMAN MARCA', 'INSTITUTO', '73767005', 'AV. CAPITAN VICTOR USTARIZ Y CALLE 15 DE MAYO, ACERA NORTE S/N', NULL, 1, '2025-01-07 21:33:12', '2025-01-07 21:33:12'),
	(332, 'ONLINE STORE DECOCAKE TOPPERS', 'PAOLA HUALLPA', 'REPOSTERIA', '62640478', 'S/D', NULL, 1, '2025-01-07 21:38:54', '2025-01-07 21:38:54'),
	(333, 'AIROLIMP', 'GABRIELA PAREDES', 'EMPRESA DE LIMPIEZA', '64901086', 'SIMON LOPEZ', NULL, 1, '2025-01-07 21:50:53', '2025-01-07 21:50:53'),
	(334, 'ELEKTRA MATT', 'ANDREA CAMPOS GUTIERREZ', 'VENTA DE MATERIALES ELECTRICOS', '67481017', 'MELCHOR PEREZ Nº 22 Y AV SIMON LOPEZ', NULL, 1, '2025-01-07 22:01:25', '2025-01-07 22:01:25'),
	(335, 'COLEGIO COPAPUJYO, COLEGIO 20 DE OCTUBRE', 'PAOLA HERBAS', 'CENTRO EDUCATIVO', '67475270', 'S/N', NULL, 1, '2025-01-08 13:44:44', '2025-01-08 13:44:44'),
	(336, 'MINDRAY', 'MARITZA IRAHOLA', 'VENTA DE INSUMOS MEDICOS', '69774133', 'S/D', NULL, 1, '2025-01-08 15:45:12', '2025-01-08 15:45:12'),
	(337, 'COMERCIAL FUENTES', 'BLADIMIR', 'FERRETERIA', '72726142', 'AV. AVAROA ENTRE SUCRE Y PRADO', NULL, 1, '2025-01-08 22:34:58', '2025-01-08 22:34:58'),
	(338, 'TRANSPORTE DE AGREGADOS ESCALERA', 'JUAN ESCALERA', 'TRANSPORTE', '71710058', 'IVIRGARZAMA', NULL, 1, '2025-01-08 22:39:39', '2025-01-08 22:39:39'),
	(339, 'SALTEÑERIA LOPEZ', 'RONALDO LOPEZ', 'ALIMENTOS', '67550020', 'C/ANZALDO Y PARQUE PROCERES', NULL, 1, '2025-01-08 22:42:56', '2025-01-08 22:42:56'),
	(340, 'ASOCIACION DE TRANSPORTE MIXTO DE VIRGES SIKIMIRA', 'SIMEON RODRIGUEZ', 'TRANSPORTE', '67579071', 'C/ VALLEGRANDE REPUBLICA', NULL, 1, '2025-01-08 22:51:09', '2025-01-08 22:51:09'),
	(341, 'AUTO ESCUELA EL CARMEN', 'CAMILA CRUZ', 'AUTO ESCUELA', '71309874', 'AV. BLANCO GALINDO KM 12 1/2 FRENTE AL CINE CENTER DE QUILLACOLLO, ACERA SUD', NULL, 1, '2025-01-09 15:47:11', '2025-01-09 15:47:11'),
	(342, 'COMITE INTERINSTITUCIONAL DE EDUCACION Y SALUD', 'EDGAR', 'EDUCACION', '60346208', 'QUILLACOLLO', NULL, 1, '2025-01-10 13:10:34', '2025-01-10 13:10:34'),
	(343, 'HOME CENTER SEGURITY', 'IVAN LAMAS', 'CAMARAS DE SEGURIDAD', '62640418', 'S/D', NULL, 1, '2025-01-10 13:30:29', '2025-01-10 13:30:29'),
	(344, 'ASPYMAD', 'ANGELA', 'AGRICULTORES', '67461665', 'KM 11.5 AV. BLANCO GALINDO UNA CUADRA AL NORTE, CALLE SAAVEDRA S/N', NULL, 1, '2025-01-10 14:10:44', '2025-01-10 14:10:44'),
	(345, 'REPUESTOS AUTOMOTORES JM', 'MARCO ORELLANA', 'REPUESTOS', '78515092', 'PLAZUELA OSORIO', NULL, 1, '2025-01-11 13:39:35', '2025-01-11 13:39:35'),
	(346, 'EVENTOS CJ', 'JUAN CARLOS', 'DJ Y AMPLIFICACION', '79373610', 'VINTO', NULL, 1, '2025-01-11 13:41:39', '2025-01-11 13:41:39'),
	(347, 'MINDRAY 2DA SUCURSAL', 'IGNACIO VILLA GOMEZ', 'VENTA DE INSUMOS MEDICOS', '78962246', 'S/D', NULL, 1, '2025-01-13 15:12:20', '2025-01-13 15:12:20'),
	(348, 'SHADDAI MUSIC', 'FREDDY', 'VENTA DE INSTRUMENTOS MUSICALES', '63904202', 'CALLE URUGUAY ESQUINA ESTEBAN ARCE Nº 0622', NULL, 1, '2025-01-13 15:15:03', '2025-01-13 15:15:03'),
	(349, 'BIENES RAICES LA COCHALITA', 'MARIA FERNANDA', 'BIENES RAICES', '75954667', 'AV. 6 DE AGOSTO Nº 00281 CASI AVENIDA PANAMERICANA', NULL, 1, '2025-01-13 20:48:49', '2025-01-13 20:48:49'),
	(350, 'FERRETERIA CHOQUE', 'JOSE', 'FERRETERIA', '76958116', 'PUCARITA CHICA ZONA SUD', NULL, 1, '2025-01-13 21:14:51', '2025-01-13 21:14:51'),
	(351, 'LABOTECH', 'NAHII', 'VENTA DE ARTICULOS MEDICOS', '79768454', 'CALLE 21 DE MAYO ESQ CUELLAR', NULL, 1, '2025-01-13 21:16:05', '2025-01-13 21:16:05'),
	(352, 'BOCADOS TM', 'NELMA ARANCIBIA', 'GASTRONOMIA', '75482885', 'AV. SANTA CRUZ N°2095 EDIF. TORREZ', NULL, 1, '2025-01-13 21:30:02', '2025-01-13 21:30:02'),
	(353, 'OPTICA VISUAL CLICK', 'CRISTIAN GARCIA', 'OPTICA', '77903082', 'BENI', NULL, 1, '2025-01-14 15:48:45', '2025-01-14 15:48:45');

CREATE TABLE IF NOT EXISTS `failed_jobs` (
  `id` bigint unsigned NOT NULL AUTO_INCREMENT,
  `uuid` varchar(255) COLLATE utf8mb4_unicode_ci NOT NULL,
  `connection` text COLLATE utf8mb4_unicode_ci NOT NULL,
  `queue` text COLLATE utf8mb4_unicode_ci NOT NULL,
  `payload` longtext COLLATE utf8mb4_unicode_ci NOT NULL,
  `exception` longtext COLLATE utf8mb4_unicode_ci NOT NULL,
  `failed_at` timestamp NOT NULL DEFAULT CURRENT_TIMESTAMP,
  PRIMARY KEY (`id`),
  UNIQUE KEY `failed_jobs_uuid_unique` (`uuid`)
) ENGINE=InnoDB DEFAULT CHARSET=utf8mb4 COLLATE=utf8mb4_unicode_ci;


CREATE TABLE IF NOT EXISTS `migrations` (
  `id` int unsigned NOT NULL AUTO_INCREMENT,
  `migration` varchar(255) COLLATE utf8mb4_unicode_ci NOT NULL,
  `batch` int NOT NULL,
  PRIMARY KEY (`id`)
) ENGINE=InnoDB AUTO_INCREMENT=11 DEFAULT CHARSET=utf8mb4 COLLATE=utf8mb4_unicode_ci;

INSERT INTO `migrations` (`id`, `migration`, `batch`) VALUES
	(1, '2014_10_12_100000_create_password_reset_tokens_table', 1),
	(2, '2019_08_19_000000_create_failed_jobs_table', 1),
	(3, '2019_12_14_000001_create_personal_access_tokens_table', 1),
	(4, '2023_11_23_140158_create_roles_table', 1),
	(5, '2023_11_23_150200_create_users_table', 1),
	(6, '2023_11_23_155805_create_empresas_table', 1),
	(7, '2023_12_26_182540_create_categorias_table', 1),
	(8, '2024_01_06_162433_create_pedidos_table', 1),
	(9, '2024_01_06_162613_create_detalles_table', 1),
	(10, '2024_08_04_214807_create_seguimientos_table', 1);

CREATE TABLE IF NOT EXISTS `password_reset_tokens` (
  `email` varchar(255) COLLATE utf8mb4_unicode_ci NOT NULL,
  `token` varchar(255) COLLATE utf8mb4_unicode_ci NOT NULL,
  `created_at` timestamp NULL DEFAULT NULL,
  PRIMARY KEY (`email`)
) ENGINE=InnoDB DEFAULT CHARSET=utf8mb4 COLLATE=utf8mb4_unicode_ci;


CREATE TABLE IF NOT EXISTS `pedidos` (
  `id_pedido` bigint unsigned NOT NULL AUTO_INCREMENT,
  `fechaPedido` date NOT NULL,
  `fechaEntrega` date DEFAULT NULL,
  `anticipo` int DEFAULT NULL,
  `saldo` int DEFAULT NULL,
  `montoTotal` int NOT NULL,
  `observaciones` text COLLATE utf8mb4_unicode_ci,
  `estadoPedido` tinyint(1) DEFAULT '0',
  `id_usuario` bigint unsigned NOT NULL,
  `id_empresa` bigint unsigned NOT NULL,
  PRIMARY KEY (`id_pedido`),
  KEY `pedidos_id_usuario_foreign` (`id_usuario`),
  KEY `pedidos_id_empresa_foreign` (`id_empresa`),
  CONSTRAINT `pedidos_id_empresa_foreign` FOREIGN KEY (`id_empresa`) REFERENCES `empresas` (`id_empresa`),
  CONSTRAINT `pedidos_id_usuario_foreign` FOREIGN KEY (`id_usuario`) REFERENCES `users` (`id`)
) ENGINE=InnoDB AUTO_INCREMENT=488 DEFAULT CHARSET=utf8mb4 COLLATE=utf8mb4_unicode_ci;

INSERT INTO `pedidos` (`id_pedido`, `fechaPedido`, `fechaEntrega`, `anticipo`, `saldo`, `montoTotal`, `observaciones`, `estadoPedido`, `id_usuario`, `id_empresa`) VALUES
	(2, '2023-04-03', NULL, 0, 280, 280, NULL, 1, 3, 2),
	(3, '2023-11-03', NULL, 0, 200, 200, NULL, 1, 3, 3),
	(4, '2023-11-21', NULL, 1300, 1250, 2550, NULL, 1, 3, 4),
	(5, '2024-01-02', NULL, 2400, 2850, 5250, NULL, 1, 3, 5),
	(6, '2024-01-02', NULL, 270, 0, 270, NULL, 1, 3, 6),
	(7, '2024-01-02', NULL, 200, 100, 300, NULL, 1, 3, 7),
	(8, '2024-01-02', NULL, 1000, 2000, 3000, NULL, 1, 3, 8),
	(9, '2024-01-02', NULL, 50, 100, 150, NULL, 1, 3, 9),
	(10, '2024-01-03', NULL, 50, 50, 100, NULL, 1, 3, 10),
	(11, '2024-01-03', NULL, 120, 100, 220, NULL, 1, 3, 11),
	(12, '2024-01-03', NULL, 0, 290, 290, NULL, 1, 3, 12),
	(13, '2024-01-03', NULL, 0, 210, 210, NULL, 1, 3, 13),
	(14, '2024-01-03', NULL, 0, 150, 150, NULL, 1, 3, 14),
	(15, '2024-01-03', NULL, 0, 100, 100, NULL, 1, 3, 15),
	(16, '2024-01-03', NULL, 0, 160, 160, NULL, 1, 3, 16),
	(17, '2024-01-03', NULL, 200, 250, 450, NULL, 1, 3, 17),
	(18, '2024-01-03', NULL, 200, 180, 380, NULL, 1, 3, 18),
	(19, '2024-01-03', NULL, 200, 60, 260, NULL, 1, 3, 19),
	(20, '2024-01-04', NULL, 140, 140, 280, NULL, 1, 3, 20),
	(21, '2024-01-05', NULL, 23000, 23450, 46450, NULL, 1, 3, 21),
	(22, '2024-01-08', NULL, 100, 50, 150, NULL, 1, 3, 22),
	(23, '2024-01-08', NULL, 300, 750, 1050, NULL, 1, 3, 23),
	(24, '2024-01-13', NULL, 15600, 0, 15600, NULL, 1, 3, 24),
	(25, '2024-01-15', NULL, 330, 0, 330, NULL, 1, 3, 25),
	(26, '2024-01-15', NULL, 25000, 7275, 32275, NULL, 1, 3, 21),
	(27, '2024-01-16', NULL, 0, 110, 110, NULL, 1, 3, 26),
	(28, '2024-01-18', NULL, 12000, 19875, 31875, NULL, 1, 3, 21),
	(29, '2024-01-19', NULL, 180, 100, 280, NULL, 1, 3, 27),
	(30, '2024-01-19', NULL, 1000, 4500, 5500, 'PROXIMOS PEDIDOS A 1600BS  9,2X12', 1, 3, 28),
	(31, '2024-01-24', NULL, 53000, 17425, 70425, NULL, 1, 3, 21),
	(32, '2024-01-26', NULL, 200, 100, 300, NULL, 1, 3, 29),
	(33, '2024-01-27', NULL, 280, 410, 690, NULL, 1, 3, 30),
	(34, '2024-01-27', NULL, 60, 60, 120, NULL, 1, 3, 31),
	(35, '2024-01-29', NULL, 60, 50, 110, NULL, 1, 3, 32),
	(36, '2024-01-29', NULL, 300, 170, 470, NULL, 1, 3, 33),
	(37, '2024-01-31', NULL, 900, 700, 1600, NULL, 1, 3, 28),
	(38, '2024-01-31', NULL, 800, 1350, 2150, NULL, 1, 3, 34),
	(39, '2024-02-01', NULL, 100, 190, 290, NULL, 1, 3, 35),
	(40, '2024-02-02', NULL, 400, 450, 850, NULL, 1, 3, 36),
	(41, '2024-02-03', NULL, 290, 0, 290, 'N° 1001', 1, 3, 37),
	(42, '2024-02-23', NULL, 110, 100, 210, NULL, 1, 3, 38),
	(44, '2024-02-23', NULL, 600, 900, 1500, '4MIL NATURAL,MIL PIÑA,2500 FRUTOS ROJOS Y 2500 FRESA', 1, 3, 39),
	(45, '2024-02-23', NULL, 300, 160, 460, NULL, 1, 3, 40),
	(46, '2024-02-23', NULL, 900, 360, 1260, NULL, 1, 3, 29),
	(47, '2024-02-26', NULL, 400, 0, 400, 'ENVIAR A SHINAHOTA TRANSPORTE BOUCH', 1, 3, 41),
	(48, '2024-03-15', NULL, 300, 300, 600, 'CADA RECETARIO DE 100 HOJAS', 1, 3, 42),
	(49, '2024-07-09', NULL, 500, 400, 900, NULL, 1, 3, 43),
	(50, '2024-07-26', NULL, 430, 0, 430, NULL, 1, 3, 44),
	(51, '2024-07-26', NULL, 0, 100, 100, NULL, 1, 3, 45),
	(52, '2024-07-29', NULL, 0, 450, 450, NULL, 1, 3, 46),
	(53, '2024-07-31', NULL, 0, 110, 110, NULL, 1, 3, 47),
	(54, '2024-08-05', NULL, 200, 0, 200, NULL, 1, 3, 48),
	(55, '2024-08-05', NULL, 150, 0, 150, NULL, 1, 3, 49),
	(56, '2024-08-05', NULL, 200, 200, 400, NULL, 1, 3, 50),
	(57, '2024-08-07', NULL, 140, 0, 140, NULL, 1, 3, 51),
	(58, '2024-08-07', NULL, 700, 0, 700, NULL, 1, 3, 52),
	(59, '2024-08-07', NULL, 500, 0, 500, NULL, 1, 3, 53),
	(60, '2024-08-12', NULL, 0, 280, 280, NULL, 1, 3, 54),
	(61, '2024-08-15', NULL, 500, 0, 500, NULL, 1, 3, 55),
	(62, '2024-08-16', NULL, 200, 70, 270, NULL, 1, 3, 56),
	(63, '2024-08-19', NULL, 750, 850, 1600, NULL, 1, 3, 57),
	(64, '2024-08-20', NULL, 290, 0, 290, NULL, 1, 3, 37),
	(65, '2024-08-20', NULL, 2000, 0, 2000, NULL, 1, 3, 28),
	(66, '2024-08-20', NULL, 0, 300, 300, NULL, 1, 3, 58),
	(67, '2024-08-21', NULL, 140, 0, 140, NULL, 1, 3, 59),
	(68, '2024-08-22', NULL, 1000, 500, 1500, NULL, 1, 3, 60),
	(69, '2024-08-23', NULL, 200, 220, 420, 'DOS DISEÑOS ( UN MODELO 300 UD Y 700 UD )', 1, 3, 61),
	(70, '2024-08-23', NULL, 1000, 1000, 2000, NULL, 1, 3, 28),
	(71, '2024-08-23', NULL, 0, 330, 330, 'TALONARIOS DE 2 COLORES (NEGRO Y ANARANJADO ) N 01', 1, 3, 62),
	(72, '2024-08-26', NULL, 0, 510, 510, 'NUMERACION 951', 1, 3, 63),
	(73, '2024-08-26', NULL, 300, 240, 540, NULL, 0, 3, 64),
	(74, '2024-08-26', NULL, 400, 960, 1360, 'PRECIO UNITARIO 0,34 CTVS', 1, 3, 65),
	(75, '2024-08-26', NULL, 0, 570, 570, 'PRECIO CON FACTURA', 1, 3, 66),
	(76, '2024-08-26', NULL, 0, 150, 150, NULL, 1, 3, 67),
	(77, '2024-08-27', NULL, 380, 620, 1000, 'DISTINTOS DISEÑOS', 1, 3, 68),
	(78, '2024-08-29', NULL, 150, 150, 300, NULL, 1, 3, 69),
	(79, '2024-08-27', NULL, 0, 300, 300, 'PROFORMA SANTA CRUZ N 3151', 1, 3, 70),
	(80, '2024-08-27', NULL, 600, 600, 1200, NULL, 1, 3, 71),
	(81, '2024-08-28', NULL, 0, 2000, 2000, NULL, 1, 3, 72),
	(82, '2024-08-28', NULL, 0, 200, 200, NULL, 1, 3, 73),
	(83, '2024-08-28', NULL, 0, 800, 800, NULL, 1, 3, 16),
	(84, '2024-08-29', NULL, 0, 200, 200, NULL, 1, 3, 74),
	(85, '2024-08-29', NULL, 0, 330, 330, NULL, 1, 3, 75),
	(86, '2024-08-29', NULL, 200, 200, 400, NULL, 1, 3, 76),
	(87, '2024-08-30', NULL, 1000, 500, 1500, NULL, 1, 3, 77),
	(88, '2024-09-02', NULL, 200, 400, 600, NULL, 1, 3, 78),
	(89, '2024-09-03', NULL, 0, 130, 130, NULL, 1, 3, 32),
	(90, '2024-09-04', NULL, 700, 590, 1290, NULL, 1, 3, 79),
	(91, '2024-09-04', NULL, 700, 600, 1300, NULL, 1, 3, 80),
	(92, '2024-09-05', NULL, 0, 240, 240, NULL, 1, 3, 81),
	(93, '2024-09-06', NULL, 0, 1250, 1250, 'CON FACTURA', 1, 3, 66),
	(94, '2024-09-07', NULL, 3150, 3890, 7040, NULL, 1, 3, 29),
	(95, '2024-09-09', NULL, 0, 300, 300, NULL, 1, 3, 82),
	(96, '2024-09-10', NULL, 50, 50, 100, NULL, 1, 3, 83),
	(97, '2024-09-10', NULL, 0, 95, 95, NULL, 1, 3, 84),
	(98, '2024-09-10', NULL, 0, 260, 260, NULL, 1, 3, 85),
	(99, '2024-09-11', NULL, 140, 510, 650, NULL, 1, 3, 57),
	(100, '2024-09-11', NULL, 0, 280, 280, NULL, 1, 3, 86),
	(101, '2024-09-12', NULL, 95, 0, 95, 'ENVIAR LAS TARJETAS A SU TIENDA', 1, 3, 87),
	(102, '2024-09-12', NULL, 1170, 0, 1170, 'PRIMER DEPOSITO 700BS Y EL SEGUNDO 300BS Y TERCER DEPOSITO TODO EL SALDO', 1, 3, 79),
	(103, '2024-09-12', NULL, 0, 750, 750, NULL, 1, 3, 88),
	(104, '2024-09-13', NULL, 1300, 1300, 2600, 'PRECIO CON FACTURA', 1, 3, 89),
	(105, '2024-09-13', NULL, 0, 140, 140, NULL, 1, 3, 90),
	(106, '2024-09-13', NULL, 0, 140, 140, 'LA PUNTA DERECHA DEL LADO DE LA CARA ES RECTA', 1, 3, 91),
	(107, '2024-09-13', NULL, 0, 300, 300, 'PLASTIFICADO POR PROMOCION DE ESPACIO DE PLANCHA', 1, 3, 92),
	(108, '2024-09-16', NULL, 50, 45, 95, NULL, 1, 3, 93),
	(109, '2024-09-16', NULL, 0, 140, 140, NULL, 1, 3, 94),
	(110, '2024-09-20', NULL, 140, 0, 140, NULL, 1, 3, 95),
	(111, '2024-09-21', NULL, 0, 95, 95, NULL, 1, 3, 15),
	(112, '2024-09-21', NULL, 1000, 1000, 2000, NULL, 1, 3, 92),
	(113, '2024-09-23', NULL, 0, 95, 95, NULL, 1, 3, 96),
	(114, '2024-09-23', NULL, 0, 400, 400, NULL, 1, 3, 97),
	(115, '2024-09-23', NULL, 0, 550, 550, '2 DIFERENTES MODELOS AMBOS DEL 3001', 1, 3, 98),
	(116, '2024-09-25', NULL, 0, 100, 100, NULL, 1, 3, 99),
	(117, '2024-09-25', NULL, 0, 95, 95, NULL, 1, 3, 100),
	(118, '2024-09-25', NULL, 0, 150, 150, NULL, 0, 3, 101),
	(119, '2024-09-25', NULL, 0, 300, 300, 'NUMERACION 01', 1, 3, 102),
	(120, '2024-09-27', NULL, 100, 0, 100, NULL, 1, 3, 103),
	(121, '2024-09-28', NULL, 140, 100, 240, 'PROXIMO PEDIDO PUNTAS RECTAS', 1, 3, 104),
	(122, '2024-09-30', NULL, 100, 0, 100, NULL, 1, 3, 105),
	(123, '2024-09-30', NULL, 0, 330, 330, NULL, 1, 3, 106),
	(124, '2024-09-30', NULL, 0, 750, 750, NULL, 1, 3, 107),
	(125, '2024-10-01', '2024-10-07', 70, 70, 140, NULL, 1, 3, 108),
	(126, '2024-10-01', '2024-10-07', 0, 2000, 2000, NULL, 1, 3, 28),
	(127, '2024-10-02', '2024-10-09', 0, 100, 100, NULL, 1, 3, 109),
	(128, '2024-10-02', '2024-10-09', 150, 120, 270, NULL, 1, 3, 110),
	(129, '2024-10-02', '2024-10-09', 100, 200, 300, NULL, 1, 3, 3),
	(130, '2024-10-03', '2024-10-10', 300, 0, 300, 'N° 3501', 1, 3, 70),
	(131, '2024-10-04', '2024-11-30', 24375, 3000, 27375, '15 LAMINAS GRANDES', 0, 3, 21),
	(132, '2024-10-04', '2024-10-11', 2250, 0, 2250, NULL, 1, 3, 28),
	(133, '2024-10-04', '2024-10-11', 2500, 1600, 4100, NULL, 1, 3, 111),
	(134, '2024-10-05', '2024-10-12', 100, 30, 130, NULL, 1, 3, 112),
	(135, '2024-10-06', '2024-10-13', 700, 0, 700, NULL, 1, 3, 113),
	(136, '2024-10-08', '2024-10-15', 1330, 0, 1330, NULL, 1, 3, 114),
	(137, '2024-10-09', '2024-10-16', 0, 560, 560, 'PROMOCION CON PORTA TARJETERO', 1, 3, 115),
	(138, '2024-10-09', '2024-10-16', 280, 0, 280, 'MAS UN PORTA TARJETERO DE REGALO', 1, 3, 116),
	(139, '2024-10-09', '2024-10-16', 0, 140, 140, NULL, 1, 3, 117),
	(140, '2024-10-09', '2024-11-20', 4250, 4200, 8450, 'CREDENCIALES PVC C/U 150', 1, 3, 118),
	(141, '2024-10-10', '2024-10-17', 0, 100, 100, NULL, 1, 3, 119),
	(142, '2024-10-10', '2024-10-17', 0, 100, 100, NULL, 1, 3, 120),
	(143, '2024-10-10', '2024-10-17', 0, 100, 100, NULL, 1, 3, 121),
	(144, '2024-10-10', '2024-10-17', 0, 140, 140, NULL, 1, 3, 122),
	(145, '2024-10-10', '2024-10-17', 0, 400, 400, NULL, 1, 3, 16),
	(146, '2024-10-11', '2024-10-18', 70, 170, 240, NULL, 1, 3, 123),
	(147, '2024-10-11', '2024-10-18', 0, 150, 150, NULL, 1, 3, 124),
	(148, '2024-10-11', '2024-10-18', 0, 150, 150, NULL, 1, 3, 125),
	(149, '2024-10-11', '2024-10-18', 0, 140, 140, NULL, 1, 3, 95),
	(150, '2024-10-11', '2024-10-18', 0, 140, 140, 'PROMOCION POR EL DIA DE LA MUJER', 1, 3, 126),
	(151, '2024-10-12', '2024-10-19', 140, 0, 140, NULL, 1, 3, 127),
	(152, '2024-10-14', '2024-10-21', 0, 650, 650, NULL, 1, 3, 118),
	(153, '2024-10-14', '2024-10-21', 0, 550, 550, NULL, 1, 3, 128),
	(154, '2024-10-14', '2024-10-21', 900, 650, 1550, NULL, 1, 3, 78),
	(155, '2024-10-14', '2024-10-21', 1550, 0, 1550, NULL, 1, 3, 129),
	(156, '2024-10-15', '2024-10-22', 290, 140, 430, NULL, 1, 3, 130),
	(157, '2024-10-15', '2024-10-22', 140, 0, 140, NULL, 1, 3, 131),
	(158, '2024-10-15', '2024-10-22', 450, 450, 900, NULL, 1, 3, 55),
	(159, '2024-10-15', '2024-10-22', 0, 300, 300, 'N° 01', 1, 3, 132),
	(160, '2024-10-15', '2024-10-22', 0, 160, 160, NULL, 1, 3, 129),
	(161, '2024-10-15', '2024-09-30', 0, 1100, 1100, 'ESTE PEDIDO SE LE VENDIO EL 23/09/2024, ENTREGADO UNA SEMANA DESPUES', 1, 3, 133),
	(162, '2024-10-15', '2024-10-22', 0, 100, 100, NULL, 1, 3, 134),
	(163, '2024-10-16', '2024-10-23', 200, 50, 250, NULL, 1, 3, 135),
	(164, '2024-10-16', '2024-10-23', 0, 100, 100, NULL, 1, 3, 136),
	(165, '2024-10-17', '2024-10-24', 0, 290, 290, NULL, 1, 3, 137),
	(166, '2024-10-17', '2024-10-24', 0, 170, 170, NULL, 1, 3, 62),
	(167, '2024-10-17', '2024-10-24', 0, 120, 120, NULL, 1, 3, 136),
	(168, '2024-10-18', '2024-10-25', 0, 100, 100, 'PROMOCION POR ESPACIO', 1, 3, 138),
	(169, '2024-10-18', '2024-10-25', 0, 180, 180, 'PLASTIFICADO', 1, 3, 52),
	(170, '2024-10-18', '2024-10-25', 0, 1800, 1800, NULL, 1, 3, 28),
	(171, '2424-10-18', '2024-10-25', 0, 720, 720, NULL, 1, 3, 97),
	(172, '2024-10-21', '2024-10-28', 50, 80, 130, NULL, 1, 3, 139),
	(173, '2424-10-21', '2024-10-28', 0, 100, 100, NULL, 1, 3, 140),
	(174, '2024-10-21', '2024-10-28', 0, 410, 410, NULL, 1, 3, 141),
	(175, '2024-10-21', '2024-10-28', 700, 1100, 1800, NULL, 1, 3, 142),
	(176, '2024-10-22', '2024-10-29', 200, 300, 500, NULL, 1, 3, 56),
	(178, '2024-11-22', '2024-10-29', 340, 300, 640, NULL, 1, 3, 143),
	(179, '2024-10-22', '2024-11-13', 0, 100, 100, NULL, 1, 3, 144),
	(180, '2024-10-23', '2024-10-30', 100, 0, 100, NULL, 1, 3, 145),
	(181, '2024-10-24', '2024-11-08', 0, 260, 260, NULL, 1, 3, 146),
	(182, '2024-10-24', '2024-11-08', 0, 100, 100, NULL, 1, 3, 147),
	(183, '2024-10-24', '2024-10-31', 0, 180, 180, NULL, 1, 3, 148),
	(184, '2024-10-24', '2024-10-31', 0, 140, 140, NULL, 1, 3, 149),
	(185, '2024-10-24', '2024-10-31', 0, 100, 100, NULL, 1, 3, 150),
	(186, '2024-10-24', '2024-10-31', 0, 100, 100, NULL, 1, 3, 99),
	(187, '2024-10-25', '2024-11-01', 0, 570, 570, NULL, 1, 3, 151),
	(188, '2024-10-25', NULL, 0, 140, 140, NULL, 0, 3, 152),
	(189, '2024-10-25', '2024-11-01', 0, 100, 100, NULL, 1, 3, 153),
	(190, '2024-10-28', '2024-11-04', 0, 100, 100, NULL, 1, 3, 154),
	(191, '2024-10-28', '2024-11-04', 0, 100, 100, NULL, 1, 3, 155),
	(192, '2024-10-28', '2024-11-04', 0, 150, 150, NULL, 1, 3, 156),
	(193, '2024-10-29', '2024-11-12', 0, 600, 600, NULL, 1, 3, 157),
	(194, '2024-10-29', '2024-11-05', 0, 550, 550, NULL, 1, 3, 158),
	(195, '2024-10-29', '2024-11-05', 0, 650, 650, NULL, 1, 3, 159),
	(196, '2024-10-29', '2024-11-05', 0, 550, 550, NULL, 1, 3, 160),
	(197, '2024-10-29', '2024-11-15', 0, 100, 100, NULL, 1, 3, 161),
	(198, '2004-10-30', '2024-11-05', 400, 450, 850, NULL, 1, 3, 162),
	(200, '2024-10-31', '2024-11-11', 0, 200, 200, NULL, 1, 3, 164),
	(201, '2024-10-31', '2024-11-04', 0, 100, 100, NULL, 1, 3, 165),
	(202, '2024-10-31', '2024-11-06', 0, 320, 320, NULL, 1, 3, 166),
	(203, '2024-10-31', '2024-11-07', 0, 290, 290, NULL, 1, 3, 167),
	(204, '2024-10-31', '2024-11-04', 0, 100, 100, NULL, 1, 3, 168),
	(205, '2024-10-31', '2024-11-11', 0, 100, 100, NULL, 1, 3, 169),
	(206, '2024-10-31', '2024-11-08', 0, 150, 150, NULL, 1, 3, 170),
	(207, '2024-10-31', '2024-11-08', 0, 100, 100, NULL, 1, 3, 171),
	(208, '2024-10-31', '2024-11-12', 0, 500, 500, NULL, 1, 3, 172),
	(209, '2024-10-31', '2024-11-07', 600, 600, 1200, NULL, 1, 3, 71),
	(210, '2024-10-31', '2024-11-09', 0, 100, 100, NULL, 1, 3, 173),
	(211, '2024-10-31', '2024-11-07', 0, 100, 100, NULL, 1, 3, 150),
	(212, '2024-10-31', '2024-11-04', 0, 85, 85, NULL, 1, 3, 174),
	(213, '2024-11-01', '2024-11-07', 250, 300, 550, NULL, 1, 1, 175),
	(214, '2024-11-01', '2024-11-08', 0, 100, 100, NULL, 1, 1, 176),
	(215, '2024-11-04', '2024-11-07', 0, 100, 100, NULL, 1, 1, 177),
	(216, '2024-11-04', '2024-11-08', 0, 2000, 2000, NULL, 1, 1, 72),
	(217, '2024-11-04', '2024-11-11', 600, 600, 1200, NULL, 1, 1, 178),
	(218, '2024-11-04', '2024-11-19', 0, 950, 950, NULL, 1, 1, 33),
	(219, '2024-11-04', '2024-11-07', 0, 140, 140, NULL, 1, 1, 143),
	(220, '2024-11-05', NULL, 3000, 4100, 7100, NULL, 0, 1, 179),
	(221, '2024-11-05', '2024-11-18', 0, 210, 210, NULL, 1, 3, 180),
	(222, '2024-11-05', '2024-11-18', 0, 110, 110, NULL, 1, 3, 181),
	(223, '2024-11-05', '2024-11-16', 0, 250, 250, NULL, 1, 3, 182),
	(224, '2024-11-05', '2024-11-14', 0, 280, 280, NULL, 1, 3, 183),
	(225, '2024-11-05', '2024-11-23', 0, 300, 300, NULL, 1, 3, 184),
	(226, '2024-11-05', '2024-11-13', 0, 150, 150, 'PARA NILO CASTAÑEDA', 1, 3, 16),
	(227, '2024-11-06', '2024-11-13', 50, 1130, 1180, NULL, 1, 3, 16),
	(228, '2024-11-06', '2024-11-20', 0, 450, 450, NULL, 1, 3, 185),
	(229, '2024-11-06', '2024-11-12', 350, 0, 350, NULL, 1, 3, 129),
	(230, '2024-11-06', '2024-11-26', 0, 150, 150, NULL, 1, 3, 166),
	(231, '2024-11-06', '2024-11-21', 0, 150, 150, NULL, 1, 3, 186),
	(232, '2024-11-06', '2024-11-18', 1000, 1000, 2000, NULL, 1, 3, 28),
	(233, '2024-11-07', '2024-11-28', 0, 250, 250, NULL, 1, 3, 187),
	(234, '2024-11-07', '2024-11-18', 2000, 2750, 4750, NULL, 1, 3, 28),
	(235, '2024-11-07', '2024-11-18', 550, 0, 550, 'DEPOSITO BANCARIO', 1, 3, 188),
	(236, '2024-11-07', '2024-11-11', 0, 100, 100, NULL, 1, 1, 189),
	(237, '2024-11-08', '2024-11-19', 300, 120, 420, 'ENTREGA DIA MIERCOLES', 1, 3, 190),
	(238, '2024-11-08', '2024-11-19', 0, 100, 100, NULL, 1, 3, 191),
	(239, '2024-11-08', '2024-11-12', 200, 200, 400, 'ENTREGAR MARTES', 1, 3, 192),
	(240, '2024-11-08', '2024-11-21', 6000, 2610, 8610, NULL, 1, 3, 29),
	(241, '2024-11-11', '2024-11-18', 0, 260, 260, NULL, 1, 3, 193),
	(242, '2024-11-11', '2024-11-18', 0, 260, 260, NULL, 1, 3, 194),
	(243, '2024-11-11', '2024-11-15', 0, 100, 100, NULL, 1, 3, 195),
	(244, '2024-11-11', '2024-11-12', 0, 450, 450, 'CON FACTURA', 1, 3, 196),
	(245, '2024-11-11', '2024-11-13', 2000, 3000, 5000, '2 PLANCHAS, 5 DISEÑOS POR PLANCHA', 1, 3, 24),
	(247, '2024-11-12', '2024-11-26', 0, 300, 300, NULL, 1, 3, 198),
	(248, '2024-11-12', '2024-11-16', 0, 200, 200, 'SE LE HIZO A 200BS PORQUE ESTA LIGADO A PIZZERIA NAPOLI', 1, 3, 182),
	(250, '2024-11-12', '2024-11-20', 0, 100, 100, NULL, 1, 3, 199),
	(254, '2024-11-12', '2024-11-15', 140, 200, 340, NULL, 1, 3, 175),
	(255, '2024-11-13', '2024-11-20', 0, 140, 140, NULL, 1, 3, 201),
	(256, '2024-11-13', '2024-11-18', 1200, 0, 1200, 'DEJO CANCELADO TODO', 1, 3, 202),
	(257, '2024-11-13', '2024-11-25', 530, 0, 530, NULL, 1, 3, 129),
	(258, '2024-11-13', '2024-11-16', 0, 135, 135, 'PRECIO CON FACTURA', 1, 3, 203),
	(260, '2024-11-14', '2025-01-04', 1000, 0, 1000, '2 DISEÑOS DISTINTOS', 1, 1, 204),
	(261, '2024-11-14', '2024-11-20', 0, 100, 100, NULL, 1, 1, 205),
	(262, '2024-11-14', '2024-11-20', 0, 70, 70, 'SE LE HIZO A ESE PRECIO POR COMPLETAR UN ESPACIO', 1, 1, 206),
	(263, '2024-11-14', '2024-11-20', 0, 270, 270, NULL, 1, 3, 207),
	(264, '2024-11-14', '2024-11-28', 0, 140, 140, NULL, 1, 3, 208),
	(265, '2024-11-14', '2024-11-18', 200, 200, 400, NULL, 1, 3, 209),
	(266, '2024-11-15', '2024-11-20', 0, 140, 140, NULL, 1, 3, 210),
	(267, '2024-11-15', '2024-11-25', 0, 100, 100, NULL, 1, 3, 211),
	(268, '2024-11-15', '2024-11-25', 0, 100, 100, NULL, 1, 3, 212),
	(269, '2024-11-15', '2024-11-25', 0, 100, 100, NULL, 1, 3, 213),
	(270, '2024-11-15', '2024-11-30', 200, 200, 400, NULL, 1, 3, 177),
	(271, '2024-11-15', '2024-11-21', 0, 440, 440, NULL, 1, 3, 214),
	(272, '2024-11-15', NULL, 0, 220, 220, NULL, 0, 3, 215),
	(273, '2024-11-15', NULL, 0, 100, 100, NULL, 0, 3, 216),
	(274, '2024-11-15', '2024-11-20', 0, 100, 100, NULL, 1, 3, 217),
	(275, '2024-11-15', '2024-11-25', 0, 160, 160, NULL, 1, 3, 218),
	(278, '2024-11-15', '2024-11-27', 200, 1000, 1200, 'CADA MIL SALIDO A 80BS', 1, 3, 219),
	(279, '2024-11-15', NULL, NULL, 200, 200, NULL, 0, 3, 220),
	(281, '2024-11-15', NULL, 0, 200, 200, 'ESTOS VOLANTES ESTAN VINCULADOS CON OPTICA ECOMODA', 0, 3, 222),
	(283, '2024-11-15', '2024-11-21', 0, 600, 600, NULL, 1, 2, 221),
	(284, '2024-11-15', '2024-11-22', 0, 180, 180, 'VENTA RICHARD', 1, 3, 223),
	(286, '2024-11-18', '2024-11-22', 250, 250, 500, 'precio solo por promoción', 1, 3, 224),
	(287, '2024-11-18', '2024-11-22', 200, 800, 1000, 'ENTREGAR DIA MIERCOLES', 1, 3, 225),
	(289, '2024-11-18', '2024-12-16', 120, 0, 120, NULL, 1, 3, 226),
	(290, '2024-11-18', '2024-11-30', 0, 100, 100, NULL, 1, 3, 227),
	(291, '2024-11-18', '2024-11-23', 0, 1955, 1955, 'MANDO UNA FOTO CON LA LISTA DE TARJETAS QUE QUIERE', 1, 1, 228),
	(292, '2024-11-19', '2024-11-23', 0, 100, 100, NULL, 1, 3, 229),
	(293, '2024-11-19', '2024-11-25', 0, 100, 100, NULL, 1, 3, 230),
	(295, '2024-11-19', '2024-11-21', 0, 100, 100, 'PRECIO POR LLENADO DE PLANCHA CONJUNTO A SU ANTERIOR PEDIDO', 1, 3, 221),
	(296, '2024-11-19', '2024-11-23', 0, 100, 100, 'PRECIO DE PROMOCION POR LLENADO DE PLANCHA', 1, 3, 231),
	(297, '2024-11-19', '2024-11-26', 450, 400, 850, 'REPOSICION DE TALONARIOS, TOTAL ENTREGAR 80 TALONARIOS', 1, 3, 163),
	(298, '2024-11-19', '2024-11-25', 100, 180, 280, NULL, 1, 3, 95),
	(299, '2024-11-19', '2024-11-22', 350, 300, 650, NULL, 1, 3, 65),
	(300, '2024-11-20', '2024-11-25', 0, 140, 140, NULL, 1, 3, 232),
	(301, '2024-11-20', '2024-11-22', 50, 50, 100, NULL, 1, 3, 233),
	(302, '2024-11-20', '2024-11-30', 300, 520, 820, '1000 ADHESIVOS DOS DISEÑOS(CADA MODELO DE 500 UD) 720', 1, 3, 234),
	(303, '2024-11-20', NULL, 0, 100, 100, NULL, 0, 3, 235),
	(304, '2024-11-20', '2024-11-27', 50, 50, 100, NULL, 1, 3, 236),
	(305, '2024-11-20', '2024-11-27', 0, 140, 140, NULL, 1, 3, 237),
	(306, '2024-11-20', NULL, 0, 170, 170, 'PRECIO CON FACTURA', 0, 3, 238),
	(307, '2024-11-20', '2024-11-27', 0, 405, 405, NULL, 1, 3, 239),
	(308, '2024-11-20', '2024-11-20', 750, 0, 750, NULL, 1, 3, 46),
	(309, '2024-11-21', NULL, 0, 100, 100, NULL, 0, 3, 240),
	(310, '2024-11-21', '2024-11-27', 100, 50, 150, NULL, 1, 3, 241),
	(311, '2024-11-21', '2024-12-20', 160, 0, 160, NULL, 1, 3, 242),
	(312, '2024-11-21', '2024-11-28', 0, 280, 280, 'NUEVA SUCURSAL DE OPTICA VIP', 1, 3, 243),
	(313, '2024-11-22', '2024-12-05', 0, 200, 200, NULL, 1, 3, 244),
	(314, '2024-11-22', '2024-12-07', 1170, 500, 1670, NULL, 1, 3, 12),
	(316, '2024-11-22', NULL, 0, 550, 550, NULL, 0, 3, 246),
	(317, '2024-11-22', '2024-11-26', 0, 280, 280, NULL, 1, 3, 245),
	(318, '2024-11-25', '2024-12-19', 790, 0, 790, 'CANCELO TODO DE LA TARJETA EN EFECTIVO Y DEL AFICHE ANTICIPO DE 500 POR QR', 1, 3, 247),
	(319, '2024-11-25', '2024-11-27', 0, 150, 150, NULL, 1, 3, 248),
	(320, '2024-11-25', '2024-12-03', 0, 150, 150, NULL, 1, 3, 249),
	(322, '2024-11-26', '2025-01-08', 160, 0, 160, NULL, 1, 3, 251),
	(324, '2024-11-26', '2024-11-29', 2700, 0, 2700, NULL, 1, 3, 113),
	(325, '2024-11-26', '2024-12-06', 200, 220, 420, NULL, 1, 3, 253),
	(326, '2024-11-26', '2024-12-05', 0, 500, 500, NULL, 1, 3, 244),
	(327, '2024-11-26', '2024-12-05', 0, 100, 100, NULL, 1, 3, 254),
	(328, '2024-11-26', '2024-12-06', 0, 250, 250, 'PROMOCION POR ESPACIO', 1, 3, 52),
	(329, '2024-11-26', '2024-11-27', 200, 200, 400, NULL, 1, 2, 27),
	(330, '2024-11-26', '2024-11-28', 175, 0, 175, NULL, 1, 2, 255),
	(332, '2024-11-27', '2024-12-04', 50, 100, 150, NULL, 1, 1, 257),
	(333, '2024-11-27', '2024-12-09', 0, 100, 100, NULL, 1, 1, 258),
	(334, '2024-11-27', '2024-12-09', 50, 170, 220, NULL, 1, 1, 259),
	(335, '2024-11-27', '2024-12-04', 0, 170, 170, NULL, 1, 3, 260),
	(336, '2024-11-27', '2024-12-02', 0, 100, 100, NULL, 1, 3, 261),
	(337, '2024-11-28', '2024-12-12', 0, 100, 100, NULL, 1, 3, 262),
	(338, '2024-11-28', '2024-12-09', 2000, 1300, 3300, NULL, 1, 3, 16),
	(339, '2024-11-28', NULL, 0, 750, 750, NULL, 0, 3, 263),
	(340, '2024-11-28', '2024-12-09', 0, 100, 100, NULL, 1, 3, 264),
	(341, '2024-11-28', '2024-12-30', 140, 0, 140, NULL, 1, 3, 265),
	(342, '2024-11-28', '2024-12-11', 0, 450, 450, NULL, 1, 3, 266),
	(343, '2024-11-28', '2024-12-06', 0, 120, 120, NULL, 1, 3, 52),
	(344, '2024-11-28', '2024-12-07', 0, 1800, 1800, NULL, 1, 1, 228),
	(345, '2024-11-28', '2024-12-19', 100, 0, 100, NULL, 1, 1, 267),
	(346, '2024-11-28', '2024-12-04', 0, 1400, 1400, NULL, 1, 1, 268),
	(347, '2024-11-28', '2024-12-04', 600, 500, 1100, NULL, 1, 1, 269),
	(348, '2024-11-28', '2024-12-07', 0, 1000, 1000, NULL, 1, 3, 270),
	(349, '2024-11-29', '2024-12-02', 0, 150, 150, NULL, 1, 3, 271),
	(350, '2024-11-29', '2024-12-09', 100, 100, 200, NULL, 1, 3, 264),
	(351, '2024-11-29', '2024-12-19', 300, 0, 300, NULL, 1, 3, 272),
	(352, '2024-12-02', '2024-12-09', 0, 100, 100, NULL, 1, 3, 273),
	(353, '2024-12-02', '2024-12-05', 200, 120, 320, 'PRECIO CON FACTURA', 1, 2, 274),
	(354, '2024-12-02', '2024-12-07', 0, 140, 140, NULL, 1, 3, 270),
	(355, '2024-12-02', '2024-12-07', 600, 600, 1200, NULL, 1, 3, 71),
	(356, '2024-12-02', '2024-12-06', 8100, 0, 8100, NULL, 1, 3, 29),
	(357, '2024-12-02', '2024-12-09', 0, 300, 300, NULL, 1, 3, 236),
	(358, '2024-12-03', '2024-12-17', 1200, 0, 1200, 'PAGO POR QR', 1, 3, 275),
	(360, '2024-12-04', '2024-12-20', 750, 0, 750, NULL, 1, 3, 234),
	(361, '2024-12-04', '2024-12-13', 1750, 0, 1750, NULL, 1, 3, 276),
	(362, '2024-12-04', NULL, 0, 130, 130, NULL, 0, 1, 277),
	(363, '2024-12-04', '2024-12-09', 0, 140, 140, NULL, 1, 1, 174),
	(364, '2024-12-04', '2024-12-13', 2700, 0, 2700, 'PRECIO CON FACTURA', 1, 3, 278),
	(365, '2024-12-04', '2024-12-14', 330, 0, 330, NULL, 1, 3, 279),
	(366, '2024-12-04', '2024-12-19', 950, 0, 950, NULL, 1, 3, 280),
	(367, '2024-12-04', '2024-12-18', 465, 0, 465, NULL, 1, 3, 253),
	(368, '2024-12-05', '2024-12-06', 0, 750, 750, NULL, 1, 1, 117),
	(369, '2024-12-05', '2024-12-13', 370, 0, 370, NULL, 1, 3, 281),
	(371, '2024-12-05', '2024-12-07', 75, 75, 150, 'ANTICIPO POR QR', 1, 3, 282),
	(372, '2024-12-05', '2024-12-11', 0, 120, 120, NULL, 1, 3, 231),
	(373, '2024-12-05', '2024-12-17', 150, 0, 150, NULL, 1, 3, 112),
	(374, '2024-12-06', '2024-12-19', 140, 0, 140, 'PRECIO POR ESPACIO EN PLANCHA', 1, 3, 283),
	(375, '2024-12-06', '2024-12-10', 0, 130, 130, 'PRECIO DE PROMOCION POR LLENADO DE PLANCHA', 1, 3, 284),
	(376, '2024-12-07', '2024-12-19', 3200, 0, 3200, NULL, 1, 1, 285),
	(377, '2024-12-07', '2024-12-11', 0, 650, 650, NULL, 1, 1, 286),
	(378, '2024-12-09', '2025-01-03', 4500, 0, 4500, NULL, 1, 3, 287),
	(379, '2024-12-09', '2024-12-23', 170, 0, 170, NULL, 1, 3, 288),
	(380, '2024-12-10', '2024-12-20', 230, 0, 230, NULL, 1, 3, 190),
	(381, '2024-12-10', '2024-12-20', 450, 0, 450, NULL, 1, 3, 243),
	(382, '2024-12-10', '2024-12-18', 2000, 0, 2000, NULL, 1, 3, 70),
	(383, '2024-12-10', '2024-12-18', 160, 0, 160, NULL, 1, 3, 289),
	(384, '2024-12-10', '2024-12-13', 280, 0, 280, NULL, 1, 3, 118),
	(385, '2024-12-11', '2024-12-19', 2000, 0, 2000, NULL, 1, 1, 72),
	(386, '2024-12-11', '2024-12-27', 2600, 0, 2600, NULL, 1, 3, 114),
	(387, '2024-12-11', '2024-12-17', 1000, 0, 1000, NULL, 1, 3, 178),
	(388, '2024-12-11', '2024-12-20', 150, 0, 150, NULL, 1, 3, 59),
	(389, '2024-12-11', '2024-12-19', 870, 0, 870, NULL, 1, 3, 290),
	(390, '2024-12-11', '2025-01-14', 750, 0, 750, NULL, 1, 3, 188),
	(391, '2024-12-12', '2024-12-19', 1100, 0, 1100, NULL, 1, 3, 291),
	(392, '2024-12-13', '2024-12-18', 1000, 0, 1000, NULL, 1, 3, 292),
	(393, '2024-12-14', '2024-12-20', 5200, 0, 5200, NULL, 1, 3, 293),
	(394, '2024-12-14', '2024-12-17', 270, 0, 270, NULL, 1, 3, 23),
	(395, '2024-12-16', '2024-12-20', 110, 0, 110, NULL, 1, 3, 294),
	(396, '2024-12-16', '2024-12-20', 110, 0, 110, NULL, 1, 3, 226),
	(397, '2024-12-16', '2024-12-20', 500, 0, 500, NULL, 1, 3, 295),
	(398, '2024-12-16', '2024-12-19', 230, 0, 230, NULL, 1, 3, 296),
	(399, '2024-12-17', NULL, 9450, 0, 9450, NULL, 0, 3, 29),
	(400, '2024-12-17', '2024-12-19', 950, 0, 950, NULL, 1, 3, 297),
	(401, '2024-12-17', '2024-12-20', 100, 0, 100, NULL, 1, 3, 298),
	(402, '2024-12-17', '2024-12-20', 950, 0, 950, NULL, 1, 3, 55),
	(403, '2024-12-17', '2024-12-20', 700, 0, 700, NULL, 1, 3, 192),
	(404, '2024-12-17', '2024-12-19', 150, 0, 150, NULL, 1, 3, 299),
	(405, '2024-12-17', '2024-12-23', 100, 0, 100, NULL, 1, 1, 300),
	(406, '2024-12-17', '2024-12-20', 150, 0, 150, NULL, 1, 1, 143),
	(407, '2024-12-18', '2024-12-19', 150, 0, 150, NULL, 1, 1, 301),
	(408, '2024-12-18', '2024-12-20', 220, 0, 220, NULL, 1, 1, 97),
	(409, '2024-12-18', '2024-12-23', 550, 0, 550, NULL, 1, 1, 302),
	(410, '2024-12-18', '2024-12-23', 1800, 0, 1800, NULL, 1, 1, 28),
	(411, '2024-12-20', '2024-12-27', 550, 0, 550, NULL, 1, 3, 88),
	(412, '2024-12-20', '2024-12-31', 2400, 0, 2400, NULL, 1, 3, 303),
	(413, '2024-12-27', '2024-12-31', 100, 0, 100, NULL, 1, 3, 304),
	(414, '2024-12-27', NULL, 1600, 0, 1600, NULL, 0, 3, 305),
	(415, '2024-12-27', '2025-01-02', 150, 0, 150, NULL, 1, 3, 32),
	(416, '2024-12-27', '2024-12-31', 100, 0, 100, NULL, 1, 3, 96),
	(417, '2024-12-27', '2024-12-31', 900, 0, 900, NULL, 1, 3, 55),
	(418, '2024-12-27', '2025-01-02', 140, 0, 140, NULL, 1, 3, 306),
	(419, '2024-12-27', '2024-12-31', 200, 0, 200, NULL, 1, 3, 307),
	(420, '2024-12-30', '2025-01-02', 120, 0, 120, 'PRECIO POR PROMOCION', 1, 3, 164),
	(422, '2024-12-30', '2025-01-13', 320, 0, 320, NULL, 1, 3, 309),
	(423, '2024-12-31', '2025-01-06', 140, 0, 140, NULL, 1, 3, 310),
	(424, '2024-12-31', '2025-01-07', 300, 0, 300, NULL, 1, 3, 253),
	(425, '2025-01-02', '2025-01-10', 230, 0, 230, '10 TALONARIOS 1/4 OF PROFORMA Nº 01\n10 TALONARIOS 1/4 OF NOTA DE VENTA Nº 01', 1, 3, 311),
	(426, '2025-01-02', '2025-01-11', 390, 0, 390, NULL, 1, 3, 164),
	(427, '2025-01-02', '2025-01-04', 390, 0, 390, NULL, 1, 3, 312),
	(428, '2025-01-02', '2025-01-11', 500, 0, 500, NULL, 1, 3, 313),
	(429, '2025-01-02', NULL, 0, 160, 160, NULL, 0, 3, 141),
	(430, '2025-01-02', NULL, 0, 100, 100, NULL, 0, 1, 314),
	(431, '2025-01-02', NULL, 140, 0, 140, NULL, 0, 3, 315),
	(432, '2025-01-02', '2025-01-13', 140, 0, 140, NULL, 1, 1, 316),
	(433, '2025-01-02', '2025-01-03', 400, 0, 400, NULL, 1, 3, 98),
	(434, '2025-01-03', '2025-01-09', 1400, 0, 1400, NULL, 1, 3, 317),
	(435, '2025-01-03', NULL, 0, 100, 100, NULL, 0, 3, 318),
	(436, '2025-01-03', '2025-01-13', 520, 0, 520, NULL, 1, 3, 319),
	(437, '2025-01-03', '2025-01-10', 150, 0, 150, NULL, 1, 3, 320),
	(438, '2025-01-03', '2025-01-09', 680, 0, 680, NULL, 1, 3, 321),
	(439, '2025-01-03', '2025-01-11', 350, 0, 350, NULL, 1, 3, 102),
	(440, '2025-01-04', NULL, 200, 80, 280, NULL, 0, 3, 322),
	(441, '2025-01-04', '2025-01-13', 2200, 0, 2200, NULL, 1, 3, 114),
	(442, '2025-01-04', '2025-01-11', 150, 0, 150, NULL, 1, 3, 323),
	(443, '2025-01-06', '2025-01-14', 170, 0, 170, NULL, 1, 3, 324),
	(444, '2025-01-06', '2025-01-14', 120, 0, 120, NULL, 1, 3, 325),
	(445, '2025-01-06', NULL, 0, 800, 800, NULL, 0, 3, 326),
	(446, '2025-01-06', '2025-01-14', 100, 0, 100, 'SE COBRARA PASAJE EXTRA 5BS', 1, 3, 327),
	(447, '2025-01-07', '2025-01-14', 150, 0, 150, NULL, 1, 3, 328),
	(448, '2025-01-07', NULL, 0, 100, 100, NULL, 0, 3, 329),
	(449, '2025-01-07', '2025-01-13', 100, 0, 100, NULL, 1, 3, 330),
	(450, '2025-01-07', '2025-01-10', 420, 0, 420, NULL, 1, 3, 331),
	(451, '2025-01-07', NULL, 0, 120, 120, NULL, 0, 3, 332),
	(452, '2025-01-07', NULL, 50, 120, 170, NULL, 0, 3, 333),
	(453, '2025-01-07', NULL, 0, 140, 140, NULL, 0, 3, 334),
	(454, '2025-01-07', '2025-01-13', 945, 0, 945, NULL, 1, 3, 143),
	(455, '2025-01-07', NULL, 290, 290, 580, NULL, 0, 3, 335),
	(456, '2025-01-08', NULL, 280, 270, 550, NULL, 0, 3, 336),
	(457, '2025-01-08', NULL, 400, 300, 700, NULL, 0, 3, 192),
	(458, '2025-01-08', '2025-01-11', 290, 0, 290, NULL, 1, 3, 23),
	(459, '2025-01-08', NULL, 0, 680, 680, NULL, 0, 3, 337),
	(460, '2025-01-08', '2025-01-13', 1200, 0, 1200, NULL, 1, 3, 188),
	(461, '2025-01-08', NULL, 0, 100, 100, NULL, 0, 3, 338),
	(462, '2025-01-08', NULL, 0, 150, 150, NULL, 0, 3, 339),
	(463, '2025-01-08', NULL, 0, 180, 180, NULL, 0, 3, 254),
	(464, '2025-01-08', NULL, 0, 420, 420, NULL, 0, 3, 107),
	(465, '2025-01-08', NULL, 0, 100, 100, NULL, 0, 3, 340),
	(466, '2025-01-09', NULL, 75, 75, 150, NULL, 0, 3, 341),
	(468, '2025-01-09', '2025-01-13', 350, 0, 350, NULL, 1, 3, 342),
	(469, '2025-01-09', NULL, 0, 230, 230, NULL, 0, 3, 343),
	(470, '2025-01-09', NULL, 400, 365, 765, NULL, 0, 3, 344),
	(472, '2025-01-09', NULL, 0, 150, 150, NULL, 0, 3, 345),
	(473, '2025-01-09', NULL, 0, 100, 100, NULL, 0, 3, 346),
	(474, '2025-01-09', NULL, 30, 20, 50, NULL, 0, 3, 347),
	(475, '2025-01-09', NULL, 80, 90, 170, NULL, 0, 3, 348),
	(477, '2025-01-10', NULL, 110, 0, 110, NULL, 0, 1, 350),
	(478, '2025-01-10', NULL, 0, 100, 100, NULL, 0, 1, 351),
	(479, '2025-01-13', NULL, 0, 935, 935, NULL, 0, 1, 228),
	(480, '2025-01-13', NULL, 220, 230, 450, NULL, 0, 1, 352),
	(481, '2025-01-13', NULL, 200, 120, 320, NULL, 0, 1, 349),
	(482, '2025-01-13', NULL, 1000, 5650, 6650, NULL, 0, 1, 202),
	(484, '2025-01-13', NULL, 160, 0, 160, 'DEPOSITO BANCARIO', 0, 3, 143),
	(485, '2025-01-13', NULL, 350, 350, 700, NULL, 0, 3, 190),
	(486, '2025-01-13', NULL, 350, 350, 700, NULL, 0, 3, 353);

CREATE TABLE IF NOT EXISTS `personal_access_tokens` (
  `id` bigint unsigned NOT NULL AUTO_INCREMENT,
  `tokenable_type` varchar(255) COLLATE utf8mb4_unicode_ci NOT NULL,
  `tokenable_id` bigint unsigned NOT NULL,
  `name` varchar(255) COLLATE utf8mb4_unicode_ci NOT NULL,
  `token` varchar(64) COLLATE utf8mb4_unicode_ci NOT NULL,
  `abilities` text COLLATE utf8mb4_unicode_ci,
  `last_used_at` timestamp NULL DEFAULT NULL,
  `expires_at` timestamp NULL DEFAULT NULL,
  `created_at` timestamp NULL DEFAULT NULL,
  `updated_at` timestamp NULL DEFAULT NULL,
  PRIMARY KEY (`id`),
  UNIQUE KEY `personal_access_tokens_token_unique` (`token`),
  KEY `personal_access_tokens_tokenable_type_tokenable_id_index` (`tokenable_type`,`tokenable_id`)
) ENGINE=InnoDB AUTO_INCREMENT=166 DEFAULT CHARSET=utf8mb4 COLLATE=utf8mb4_unicode_ci;

INSERT INTO `personal_access_tokens` (`id`, `tokenable_type`, `tokenable_id`, `name`, `token`, `abilities`, `last_used_at`, `expires_at`, `created_at`, `updated_at`) VALUES
	(131, 'App\\Models\\User', 3, 'token', 'a9c75485026a588ba61e1ae98697f7d5f7f7d32d6e76dba07dc29c9e2ec4e6af', '["*"]', '2025-01-14 19:16:36', NULL, '2024-12-20 14:09:36', '2025-01-14 19:16:36'),
	(132, 'App\\Models\\User', 3, 'token', '60da1dc6ea9062206d939aaf8e4eb102c16dfa362db0f5de57232b1251066c3c', '["*"]', '2025-01-03 20:21:31', NULL, '2024-12-20 14:47:45', '2025-01-03 20:21:31'),
	(146, 'App\\Models\\User', 3, 'token', 'b1f8561ab409798162260306166cf7f019204e955dbdc6de091317e4b44ccae9', '["*"]', '2025-01-14 20:32:38', NULL, '2025-01-03 23:07:44', '2025-01-14 20:32:38'),
	(156, 'App\\Models\\User', 2, 'token', 'dc1e10bd54b41ac6bfa3b533fcb94439fe63f28409e42a82305dbe69ad2da384', '["*"]', '2025-01-09 16:22:22', NULL, '2025-01-08 13:08:28', '2025-01-09 16:22:22'),
	(159, 'App\\Models\\User', 1, 'token', 'b501e409b0cfdb6817481e6ea10e2c0e50082834e456de51bb1ffa1bcaefefdf', '["*"]', '2025-01-11 18:05:03', NULL, '2025-01-11 13:32:42', '2025-01-11 18:05:03'),
	(160, 'App\\Models\\User', 2, 'token', '41025418d674f7cf7cc886252cf2b709564885565c2e63241069a7677048ae2a', '["*"]', '2025-01-11 17:36:40', NULL, '2025-01-11 17:35:13', '2025-01-11 17:36:40'),
	(161, 'App\\Models\\User', 1, 'token', 'c26b33188eef57a9b02dd7c28f60d07fbe435960c003d7508ce1726baae411f9', '["*"]', '2025-01-13 21:43:30', NULL, '2025-01-13 12:43:01', '2025-01-13 21:43:30'),
	(162, 'App\\Models\\User', 2, 'token', '765ea46cffa8974bb0e86f7b3e3cc9e8aecbbf3a3b72bef6093fb6a7c5239326', '["*"]', '2025-01-13 17:38:33', NULL, '2025-01-13 17:36:53', '2025-01-13 17:38:33'),
	(163, 'App\\Models\\User', 2, 'token', '3d5e421b46053bd96bcb46771a86f63d8aa66fe11891a1d3325b66b0ee84c7d6', '["*"]', '2025-01-13 20:53:37', NULL, '2025-01-13 20:52:38', '2025-01-13 20:53:37'),
	(164, 'App\\Models\\User', 1, 'token', '1091e7185fc631b5bfdd4ccf179111bb6e060c2d76e1536e58594585677b6af8', '["*"]', '2025-01-14 16:02:58', NULL, '2025-01-14 13:08:42', '2025-01-14 16:02:58'),
	(165, 'App\\Models\\User', 2, 'token', '321be524e958d40cf68114902265c3822e53504aecf7908498fedf849141faec', '["*"]', '2025-01-14 20:16:49', NULL, '2025-01-14 16:03:58', '2025-01-14 20:16:49');

CREATE TABLE IF NOT EXISTS `roles` (
  `id_rol` bigint unsigned NOT NULL AUTO_INCREMENT,
  `nombreRol` varchar(255) COLLATE utf8mb4_unicode_ci NOT NULL,
  `created_at` timestamp NULL DEFAULT NULL,
  `updated_at` timestamp NULL DEFAULT NULL,
  PRIMARY KEY (`id_rol`)
) ENGINE=InnoDB AUTO_INCREMENT=3 DEFAULT CHARSET=utf8mb4 COLLATE=utf8mb4_unicode_ci;

INSERT INTO `roles` (`id_rol`, `nombreRol`, `created_at`, `updated_at`) VALUES
	(1, 'ADMINISTRADOR', NULL, NULL),
	(2, 'VENDEDOR', NULL, NULL);

CREATE TABLE IF NOT EXISTS `seguimientos` (
  `id_seguimiento` bigint unsigned NOT NULL AUTO_INCREMENT,
  `condiciones` varchar(255) COLLATE utf8mb4_unicode_ci DEFAULT NULL,
  `historia` varchar(255) COLLATE utf8mb4_unicode_ci NOT NULL,
  `created_at` timestamp NULL DEFAULT NULL,
  `updated_at` timestamp NULL DEFAULT NULL,
  `id_empresa` bigint unsigned NOT NULL,
  `id_pedido` bigint unsigned DEFAULT NULL,
  PRIMARY KEY (`id_seguimiento`),
  KEY `seguimientos_id_empresa_foreign` (`id_empresa`),
  KEY `seguimientos_id_pedido_foreign` (`id_pedido`),
  CONSTRAINT `seguimientos_id_empresa_foreign` FOREIGN KEY (`id_empresa`) REFERENCES `empresas` (`id_empresa`),
  CONSTRAINT `seguimientos_id_pedido_foreign` FOREIGN KEY (`id_pedido`) REFERENCES `pedidos` (`id_pedido`) ON DELETE CASCADE
) ENGINE=InnoDB AUTO_INCREMENT=552 DEFAULT CHARSET=utf8mb4 COLLATE=utf8mb4_unicode_ci;

INSERT INTO `seguimientos` (`id_seguimiento`, `condiciones`, `historia`, `created_at`, `updated_at`, `id_empresa`, `id_pedido`) VALUES
	(2, 'Buenas', 'Se le entrego el trabajo', '2024-10-07 13:39:59', '2024-10-07 13:39:59', 108, 125),
	(3, 'Buenas', 'Se le entrego el trabajo', '2024-10-07 13:44:56', '2024-10-07 13:44:56', 28, 126),
	(4, 'Buenas', 'Se le entrego el trabajo', '2024-10-09 13:49:30', '2024-10-09 13:49:30', 109, 127),
	(5, 'Buenas', 'Se le entrego el trabajo', '2024-10-09 13:51:04', '2024-10-09 13:51:04', 110, 128),
	(7, 'Buenas', 'Se le entrego el trabajo', '2024-10-09 14:02:02', '2024-10-09 14:02:02', 3, 129),
	(8, 'Buenas', 'Se le entrego el trabajo', '2024-10-10 14:03:32', '2024-10-10 14:03:32', 70, 130),
	(9, 'Buenas', 'Se le entrego el trabajo', '2024-10-11 14:06:18', '2024-10-11 14:06:18', 28, 132),
	(10, 'Buenas', 'Se le entrego el trabajo', '2024-10-11 14:09:20', '2024-10-11 14:09:20', 111, 133),
	(11, 'Buenas', 'Se le entrego el trabajo', '2024-10-12 14:12:10', '2024-10-12 14:12:10', 112, 134),
	(12, 'Buenas', 'Se le entrego el trabajo', '2024-10-13 14:12:44', '2024-10-13 14:12:44', 113, 135),
	(13, 'Buenas', 'Se le entrego el trabajo', '2024-10-15 14:13:21', '2024-10-15 14:13:21', 114, 136),
	(14, 'Buenas', 'Se le entrego el trabajo', '2024-10-16 14:13:59', '2024-10-16 14:13:59', 115, 137),
	(15, 'Buenas', 'Se le entrego el trabajo', '2024-10-16 14:14:27', '2024-10-16 14:14:27', 116, 138),
	(16, 'Buenas', 'Se le entrego el trabajo', '2024-10-16 14:14:53', '2024-10-16 14:14:53', 117, 139),
	(17, 'Buenas', 'Se le entrego el trabajo', '2024-10-17 14:16:01', '2024-10-17 14:16:01', 119, 141),
	(18, 'Buenas', 'Se le entrego el trabajo', '2024-10-17 14:16:40', '2024-10-17 14:16:40', 120, 142),
	(19, 'Buenas', 'Se le entrego el trabajo', '2024-10-17 14:17:04', '2024-10-17 14:17:04', 121, 143),
	(20, 'Buenas', 'Se le entrego el trabajo', '2024-10-17 14:17:31', '2024-10-17 14:17:31', 122, 144),
	(21, 'Buenas', 'Se le entrego el trabajo', '2024-10-17 14:17:57', '2024-10-17 14:17:57', 16, 145),
	(22, 'Buenas', 'Se le entrego el trabajo', '2024-10-18 14:18:27', '2024-10-18 14:18:27', 123, 146),
	(23, 'Buenas', 'Se le entrego el trabajo', '2024-10-18 14:18:50', '2024-10-18 14:18:50', 124, 147),
	(24, 'Buenas', 'Se le entrego el trabajo', '2024-10-18 14:20:13', '2024-10-18 14:20:13', 125, 148),
	(25, 'Buenas', 'Se le entrego el trabajo', '2024-10-18 14:20:37', '2024-10-18 14:20:37', 95, 149),
	(26, 'Buenas', 'Se le entrego el trabajo', '2024-10-18 14:20:58', '2024-10-18 14:20:58', 126, 150),
	(27, 'Buenas', 'Se le entrego el trabajo', '2024-10-19 14:26:31', '2024-10-19 14:26:31', 127, 151),
	(28, 'Buenas', 'Se le entrego el trabajo', '2024-10-21 14:32:20', '2024-10-21 14:32:20', 118, 152),
	(29, 'Buenas', 'Se le entrego el trabajo', '2024-10-21 14:51:32', '2024-10-21 14:51:32', 128, 153),
	(30, 'Buenas', 'Se le entrego el trabajo', '2024-10-21 14:56:29', '2024-10-21 14:56:29', 78, 154),
	(31, 'Buenas', 'Se le entrego el trabajo', '2024-10-21 14:57:23', '2024-10-21 14:57:23', 129, 155),
	(32, 'Buenas', 'Se le entrego el trabajo', '2024-10-22 14:58:09', '2024-10-22 14:58:09', 130, 156),
	(33, 'Buenas', 'Se le entrego el trabajo', '2024-10-22 14:58:33', '2024-10-22 14:58:33', 131, 157),
	(34, 'Buenas', 'Se le entrego el trabajo', '2024-10-22 14:59:06', '2024-10-22 14:59:06', 55, 158),
	(35, 'Buenas', 'Se le entrego el trabajo', '2024-10-22 14:59:35', '2024-10-22 14:59:35', 132, 159),
	(36, 'Buenas', 'Se le entrego el trabajo', '2024-10-22 15:04:39', '2024-10-22 15:04:39', 129, 160),
	(37, 'Buenas', 'Se le entrego el trabajo', '2024-10-22 15:06:09', '2024-10-22 15:06:09', 134, 162),
	(38, 'Buenas', 'Se le entrego el trabajo', '2024-10-23 15:06:38', '2024-10-23 15:06:38', 135, 163),
	(39, 'Buenas', 'Se le entrego el trabajo', '2024-10-23 15:08:28', '2024-10-23 15:08:28', 136, 164),
	(40, 'Buenas', 'Se le entrego el trabajo', '2024-10-24 15:09:16', '2024-10-24 15:09:16', 137, 165),
	(41, 'Buenas', 'Se le entrego el trabajo', '2024-10-24 15:09:49', '2024-10-24 15:09:49', 62, 166),
	(42, 'Buenas', 'Se le entrego el trabajo', '2024-10-24 15:10:33', '2024-10-24 15:10:33', 136, 167),
	(43, 'Buenas', 'Se le entrego el trabajo', '2024-10-24 15:11:35', '2024-10-25 15:11:35', 138, 168),
	(44, 'Buenas', 'Se le entrego el trabajo', '2024-10-25 15:12:07', '2024-10-25 15:12:07', 52, 169),
	(45, 'Buenas', 'Se le entrego el trabajo', '2024-10-25 15:13:32', '2024-10-25 15:13:32', 28, 170),
	(46, 'Buenas', 'Se le entrego el trabajo', '2024-10-25 15:15:04', '2024-10-25 15:15:04', 97, 171),
	(47, 'Buenas', 'Se le entrego el trabajo', '2024-10-28 15:16:57', '2024-10-28 15:16:57', 139, 172),
	(48, 'Buenas', 'Se le entrego el trabajo', '2024-10-28 15:17:28', '2024-10-28 15:17:28', 140, 173),
	(49, 'Buenas', 'Se le entrego el trabajo', '2024-10-28 15:18:13', '2024-10-28 15:18:13', 141, 174),
	(50, 'Buenas', 'Se le entrego el trabajo', '2024-10-28 15:18:46', '2024-10-28 15:18:46', 142, 175),
	(51, 'Buenas', 'Se le entrego el trabajo', '2024-10-29 15:19:17', '2024-10-29 15:19:17', 56, 176),
	(52, 'Buenas', 'Se le entrego el trabajo', '2024-10-29 15:20:22', '2024-10-29 15:20:22', 143, 178),
	(53, 'Buenas', 'Se le entrego el trabajo', '2024-10-30 15:21:46', '2024-10-30 15:21:46', 145, 180),
	(54, 'Buenas', 'Se le entrego el trabajo', '2024-11-08 15:22:07', '2024-11-08 15:22:07', 146, 181),
	(55, 'Buenas', 'Se le entrego el trabajo', '2024-11-08 15:23:16', '2024-11-08 15:23:16', 147, 182),
	(56, 'Buenas', 'Se le entrego el trabajo', '2024-10-31 15:26:13', '2024-10-31 15:26:13', 148, 183),
	(57, 'Buenas', 'Se le entrego el trabajo', '2024-10-31 15:27:04', '2024-10-31 15:27:04', 149, 184),
	(58, 'Buenas', 'Se le entrego el trabajo', '2024-10-31 15:28:25', '2024-10-31 15:28:25', 150, 185),
	(59, 'Buenas', 'Se le entrego el trabajo', '2024-10-31 15:28:51', '2024-10-31 15:28:51', 99, 186),
	(60, 'Buenas', 'Se le entrego el trabajo', '2024-11-01 15:29:44', '2024-11-01 15:29:44', 151, 187),
	(61, 'Buenas', 'Se le entrego el trabajo', '2024-11-01 15:31:18', '2024-11-01 15:31:18', 153, 189),
	(62, 'Buenas', 'Se le entrego el trabajo', '2024-11-04 15:36:57', '2024-11-04 15:36:57', 154, 190),
	(63, 'Buenas', 'Se le entrego el trabajo', '2024-11-04 15:37:30', '2024-11-04 15:37:30', 155, 191),
	(64, 'Buenas', 'Se le entrego el trabajo', '2024-11-04 15:38:29', '2024-11-04 15:38:29', 156, 192),
	(65, 'Buenas', 'Se le entrego el trabajo', '2024-11-05 15:39:47', '2024-11-05 15:39:47', 158, 194),
	(66, 'Buenas', 'Se le entrego el trabajo', '2024-11-05 15:40:13', '2024-11-05 15:40:13', 159, 195),
	(67, 'Buenas', 'Se le entrego el trabajo', '2024-11-05 15:41:08', '2024-11-05 15:41:08', 160, 196),
	(68, 'Buenas', 'Se le entrego el trabajo', '2024-11-05 15:49:31', '2024-11-05 15:49:31', 162, 198),
	(69, 'Buenas', 'Se le entrego el trabajo', '2024-11-04 15:50:32', '2024-11-04 15:50:32', 165, 201),
	(70, 'Buenas', 'Se le entrego el trabajo', '2024-11-06 16:04:19', '2024-11-06 16:04:19', 166, 202),
	(71, 'Buenas', 'Se le entrego el trabajo', '2024-11-07 16:04:56', '2024-11-07 16:04:56', 167, 203),
	(72, 'Buenas', 'Se le entrego el trabajo', '2024-11-04 16:18:11', '2024-11-04 16:18:11', 168, 204),
	(73, 'Buenas', 'Se le entrego el trabajo', '2024-11-08 16:19:52', '2024-11-08 16:19:52', 170, 206),
	(74, 'Buenas', 'Se le entrego el trabajo', '2024-11-08 16:20:07', '2024-11-08 16:20:07', 171, 207),
	(75, 'Buenas', 'Se le entrego el trabajo', '2024-11-07 16:20:44', '2024-11-07 16:20:44', 71, 209),
	(76, 'Buenas', 'Se le entrego el trabajo', '2024-11-07 16:21:54', '2024-11-07 16:21:54', 150, 211),
	(77, 'Buenas', 'Se le entrego el trabajo', '2024-11-04 12:28:02', '2024-11-04 12:28:02', 174, 212),
	(78, 'Buenas', 'Se le entrego el trabajo', '2024-11-07 12:29:04', '2024-11-07 12:29:04', 175, 213),
	(79, 'Buenas', 'Se le entrego el trabajo', '2024-11-08 12:29:21', '2024-11-08 12:29:21', 176, 214),
	(80, 'Buenas', 'Se le entrego el trabajo', '2024-11-07 12:30:07', '2024-11-07 12:30:07', 177, 215),
	(81, 'Buenas', 'Se le entrego el trabajo', '2024-11-08 12:30:33', '2024-11-08 12:30:33', 72, 216),
	(82, 'Buenas', 'Se le entrego el trabajo', '2024-11-11 12:31:41', '2024-11-11 12:31:41', 178, 217),
	(83, 'Buenas', 'Se le entrego el trabajo', '2024-11-07 12:32:54', '2024-11-07 12:32:54', 143, 219),
	(84, 'Buenas', 'Se le entrego el trabajo', '2024-11-11 12:37:13', '2024-11-11 12:37:13', 189, 236),
	(85, 'Buenas', 'Se le entrego el trabajo', '2024-11-09 12:56:30', '2024-11-09 12:56:30', 173, 210),
	(86, 'Buenas', 'Se le entrego el trabajo', '2024-11-11 13:02:37', '2024-11-11 13:02:37', 169, 205),
	(87, 'Buenas', 'Se le entrego el trabajo', '2024-09-30 14:57:49', '2024-09-30 14:57:49', 133, 161),
	(88, 'Buenas', 'Se le entrego el trabajo', '2024-11-11 15:49:38', '2024-11-11 15:49:38', 164, 200),
	(89, 'Buenas', 'Se le entrego el trabajo', '2024-11-12 13:40:33', '2024-11-12 13:40:33', 172, 208),
	(90, 'Buenas', 'Se le entrego el trabajo', '2024-11-12 14:00:09', '2024-11-12 14:00:09', 157, 193),
	(91, NULL, 'cuenta con talonarios y tarjetas en cuanto necesite se comunicaran con nosotros', '2024-11-12 17:21:19', '2024-11-12 17:21:19', 70, NULL),
	(92, NULL, 'pidio una cotizacion de anuarios, pero no realizamos', '2024-11-12 17:23:46', '2024-11-12 17:23:46', 110, NULL),
	(93, 'Buenas', 'Se le entrego el trabajo', '2024-11-12 20:13:48', '2024-11-12 20:13:48', 196, 244),
	(94, NULL, 'esta interesado en volantes', '2024-11-12 20:33:23', '2024-11-12 20:33:23', 112, NULL),
	(95, NULL, 'no contesta', '2024-11-12 20:33:56', '2024-11-12 20:33:56', 3, NULL),
	(96, NULL, 'no contesta', '2024-11-12 20:34:40', '2024-11-12 20:34:40', 133, NULL),
	(97, 'Buenas', 'Se le entrego el trabajo', '2024-11-12 21:51:09', '2024-11-12 21:51:09', 129, 229),
	(98, 'Buenas', 'Se le entrego el trabajo', '2024-11-12 21:51:19', '2024-11-12 21:51:19', 192, 239),
	(99, 'Buenas', 'Se le entrego el trabajo', '2024-11-13 12:32:17', '2024-11-13 12:32:17', 16, 226),
	(100, 'Buenas', 'Se le entrego el trabajo', '2024-11-13 12:33:14', '2024-11-13 12:33:14', 144, 179),
	(101, NULL, 'esta interesado rn talonarios oficio una copia', '2024-11-13 12:58:30', '2024-11-13 12:58:30', 108, NULL),
	(102, 'Buenas', 'Se le entrego el trabajo', '2024-11-13 19:14:24', '2024-11-13 19:14:24', 16, 227),
	(103, 'Buenas', 'Se le entrego el trabajo', '2024-11-13 23:09:50', '2024-11-13 23:09:50', 24, 245),
	(104, 'Buenas', 'Se le entrego el trabajo', '2024-11-14 14:21:23', '2024-11-14 14:21:23', 183, 224),
	(105, NULL, 'SE LLAMO Y NO CONTESTA MENSAJES NI LLAMADAS', '2024-11-14 16:53:39', '2024-11-14 16:53:39', 109, NULL),
	(106, NULL, 'PASARA PARA TRAER UNA MUESTRA DE UNA BOTELLA PARA REALIZAR ETIQUETAS', '2024-11-14 17:01:56', '2024-11-14 17:01:56', 113, NULL),
	(107, 'Buenas', 'Se le entrego el trabajo', '2024-11-15 20:48:15', '2024-11-15 20:48:15', 175, 254),
	(108, 'Buenas', 'Se le entrego el trabajo', '2024-11-15 20:54:30', '2024-11-15 20:54:30', 195, 243),
	(109, 'Buenas', 'Se le entrego el trabajo', '2024-11-15 21:29:49', '2024-11-15 21:29:49', 161, 197),
	(110, 'Buenas', 'Se le entrego el trabajo', '2024-11-16 15:08:54', '2024-11-16 15:08:54', 182, 223),
	(111, 'Buenas', 'Se le entrego el trabajo', '2024-11-16 15:09:13', '2024-11-16 15:09:13', 182, 248),
	(112, 'Buenas', 'Se le entrego el trabajo', '2024-11-16 16:26:02', '2024-11-16 16:26:02', 203, 258),
	(113, 'Buenas', 'Se le entrego el trabajo', '2024-11-18 15:34:27', '2024-11-18 15:34:27', 202, 256),
	(114, 'Buenas', 'Se le entrego el trabajo', '2024-11-18 15:43:30', '2024-11-18 15:43:30', 188, 235),
	(115, 'Buenas', 'Se le entrego el trabajo', '2024-11-18 18:53:15', '2024-11-18 18:53:15', 28, 232),
	(116, 'Buenas', 'Se le entrego el trabajo', '2024-11-18 18:53:38', '2024-11-18 18:53:38', 28, 234),
	(117, 'Buenas', 'Se le entrego el trabajo', '2024-11-18 20:05:05', '2024-11-18 20:05:05', 180, 221),
	(118, 'Buenas', 'Se le entrego el trabajo', '2024-11-18 20:05:20', '2024-11-18 20:05:20', 181, 222),
	(119, 'Buenas', 'Se le entrego el trabajo', '2024-11-18 21:33:54', '2024-11-18 21:33:54', 209, 265),
	(120, 'Buenas', 'Se le entrego el trabajo', '2024-11-18 21:49:56', '2024-11-18 21:49:56', 193, 241),
	(121, 'Buenas', 'Se le entrego el trabajo', '2024-11-18 21:50:08', '2024-11-18 21:50:08', 194, 242),
	(122, 'Buenas', 'Se le entrego el trabajo', '2024-11-19 19:24:33', '2024-11-19 19:24:33', 191, 238),
	(123, 'Buenas', 'Se le entrego el trabajo', '2024-11-19 20:17:22', '2024-11-19 20:17:22', 33, 218),
	(124, 'Buenas', 'Se le entrego el trabajo', '2024-11-19 20:23:00', '2024-11-19 20:23:00', 190, 237),
	(125, 'Buenas', 'Se le entrego el trabajo', '2024-11-19 20:27:16', '2024-11-19 20:27:16', 190, 237),
	(126, NULL, 'se le hablo para hacerle seguimiento', '2024-11-19 20:36:14', '2024-11-19 20:36:14', 122, NULL),
	(127, NULL, 'SE HABLO PARA HACERLE SEGUIMIENTO', '2024-11-19 20:40:44', '2024-11-19 20:40:44', 124, NULL),
	(128, NULL, 'SE HABLO PARA HACERLE SEGUIMIENTO', '2024-11-19 20:44:23', '2024-11-19 20:44:23', 121, NULL),
	(129, NULL, 'SE HABLO PARA HACERLE SEGUIMIENTO', '2024-11-19 20:48:43', '2024-11-19 20:48:43', 125, NULL),
	(130, NULL, 'SE HABLO PARA HACERLE SEGUIMIENTO', '2024-11-19 20:51:09', '2024-11-19 20:51:09', 126, NULL),
	(131, NULL, 'SE HABLO PARA HACERLE SEGUIMIENTO', '2024-11-19 21:25:21', '2024-11-19 21:25:21', 120, NULL),
	(132, 'Buenas', 'Se le entrego el trabajo', '2024-11-20 12:55:51', '2024-11-20 12:55:51', 199, 250),
	(133, 'Buenas', 'Se le entrego el trabajo', '2024-11-20 13:03:58', '2024-11-20 13:03:58', 118, 140),
	(134, 'Buenas', 'Se le entrego el trabajo', '2024-11-20 13:10:45', '2024-11-20 13:10:45', 185, 228),
	(135, NULL, 'SE HABLO PARA HACERLE SEGUIMIENTO', '2024-11-20 13:23:14', '2024-11-20 13:23:14', 123, NULL),
	(136, NULL, 'SE HABLO PARA HACERLE SEGUIMIENTO', '2024-11-20 13:30:53', '2024-11-20 13:30:53', 117, NULL),
	(137, 'Buenas', 'Se le entrego el trabajo', '2024-11-20 16:07:41', '2024-11-20 16:07:41', 205, 261),
	(138, 'Buenas', 'Se le entrego el trabajo', '2024-11-20 16:07:57', '2024-11-20 16:07:57', 207, 263),
	(139, NULL, 'SE HABLO PARA HACERLE SEGUIMIENTO', '2024-11-20 20:12:46', '2024-11-20 20:12:46', 127, NULL),
	(140, NULL, 'SE HABLO PARA HACERLE SEGUIMIENTO', '2024-11-20 20:13:10', '2024-11-20 20:13:10', 116, NULL),
	(141, NULL, 'NOS HABLARAN SOLICITANDO NUEVOS TRABAJOS', '2024-11-20 20:14:56', '2024-11-20 20:14:56', 119, NULL),
	(142, NULL, 'SE HABLO PARA HACERLE SEGUIMIENTO', '2024-11-20 20:15:15', '2024-11-20 20:15:15', 115, NULL),
	(143, NULL, 'PREGUNTO SI REALIZAMOS SOLO CREACION DE LOGO', '2024-11-20 20:16:33', '2024-11-20 20:16:33', 114, NULL),
	(144, NULL, 'HIZO PEDIDO DE FORMULARIOS', '2024-11-20 20:17:33', '2024-11-20 20:17:33', 95, NULL),
	(145, 'Buenas', 'Se le entrego el trabajo', '2024-11-20 20:46:30', '2024-11-20 20:46:30', 206, 262),
	(146, 'Buenas', 'Se le entrego el trabajo', '2024-11-20 20:46:46', '2024-11-20 20:46:46', 210, 266),
	(147, 'Buenas', 'Se le entrego el trabajo', '2024-11-20 20:47:03', '2024-11-20 20:47:03', 217, 274),
	(148, 'Buenas', 'Se le entrego el trabajo', '2024-11-20 21:49:17', '2024-11-20 21:49:17', 46, 308),
	(149, 'Buenas', 'Se le entrego el trabajo', '2024-11-20 23:41:54', '2024-11-20 23:41:54', 201, 255),
	(150, 'Buenas', 'Se le entrego el trabajo', '2024-11-21 14:51:44', '2024-11-21 14:51:44', 29, 240),
	(151, 'Buenas', 'Se le entrego el trabajo', '2024-11-21 15:48:20', '2024-11-21 15:48:20', 186, 231),
	(152, 'Buenas', 'Se le entrego el trabajo', '2024-11-21 21:41:02', '2024-11-21 21:41:02', 214, 271),
	(153, 'Buenas', 'Se le entrego el trabajo', '2024-11-21 22:45:25', '2024-11-21 22:45:25', 221, 283),
	(154, 'Buenas', 'Se le entrego el trabajo', '2024-11-21 22:45:32', '2024-11-21 22:45:32', 221, 295),
	(155, 'Buenas', 'Se le entrego el trabajo', '2024-11-22 12:47:25', '2024-11-22 12:47:25', 233, 301),
	(156, 'Buenas', 'Se le entrego el trabajo', '2024-11-22 14:40:10', '2024-11-22 14:40:10', 223, 284),
	(157, NULL, 'hizo pedido para su nueva sucursal', '2024-11-22 19:54:31', '2024-11-22 19:54:31', 132, NULL),
	(158, 'Buenas', 'Se le entrego el trabajo', '2024-11-22 20:10:56', '2024-11-22 20:10:56', 225, 287),
	(159, 'Buenas', 'Se le entrego el trabajo', '2024-11-22 20:52:08', '2024-11-22 20:52:08', 224, 286),
	(160, 'Buenas', 'Se le entrego el trabajo', '2024-11-22 23:39:03', '2024-11-22 23:39:03', 65, 299),
	(161, 'Buenas', 'Se le entrego el trabajo', '2024-11-23 17:52:57', '2024-11-23 17:52:57', 184, 225),
	(162, 'Buenas', 'Se le entrego el trabajo', '2024-11-23 17:53:10', '2024-11-23 17:53:10', 228, 291),
	(163, 'Buenas', 'Se le entrego el trabajo', '2024-11-23 17:53:38', '2024-11-23 17:53:38', 231, 296),
	(164, 'Buenas', 'Se le entrego el trabajo', '2024-11-23 17:54:30', '2024-11-23 17:54:30', 229, 292),
	(165, 'Buenas', 'Se le entrego el trabajo', '2024-11-25 14:36:43', '2024-11-25 14:36:43', 230, 293),
	(166, 'Buenas', 'Se le entrego el trabajo', '2024-11-25 14:37:05', '2024-11-25 14:37:05', 212, 268),
	(167, 'Buenas', 'Se le entrego el trabajo', '2024-11-25 14:37:15', '2024-11-25 14:37:15', 213, 269),
	(168, 'Buenas', 'Se le entrego el trabajo', '2024-11-25 14:37:25', '2024-11-25 14:37:25', 211, 267),
	(169, 'Buenas', 'Se le entrego el trabajo', '2024-11-25 14:45:30', '2024-11-25 14:45:30', 129, 257),
	(170, 'Buenas', 'Se le entrego el trabajo', '2024-11-25 14:55:59', '2024-11-25 14:55:59', 218, 275),
	(171, 'Buenas', 'Se le entrego el trabajo', '2024-11-25 17:08:27', '2024-11-25 17:08:27', 95, 298),
	(172, 'Buenas', 'Se le entrego el trabajo', '2024-11-25 18:49:02', '2024-11-25 18:49:02', 232, 300),
	(173, 'Buenas', 'Se le entrego el trabajo', '2024-11-26 13:17:13', '2024-11-26 13:17:13', 163, 297),
	(177, NULL, 'HIZO PEDIDO DE ADHESIVOS TAMAÑO TARJETA', '2024-11-26 19:21:02', '2024-11-26 19:21:02', 52, NULL),
	(179, NULL, 'SE HABLO PARA HACERLE SEGUIMIENTO', '2024-11-26 19:22:00', '2024-11-26 19:22:00', 62, NULL),
	(180, NULL, 'SE HABLO PARA HACERLE SEGUIMIENTO', '2024-11-26 19:22:22', '2024-11-26 19:22:22', 138, NULL),
	(181, NULL, 'SE HABLO PARA HACERLE SEGUIMIENTO', '2024-11-26 19:22:29', '2024-11-26 19:22:29', 138, NULL),
	(182, NULL, 'SE HABLO PARA HACERLE SEGUIMIENTO', '2024-11-26 19:22:29', '2024-11-26 19:22:29', 138, NULL),
	(183, NULL, 'SE HABLO PARA HACERLE SEGUIMIENTO', '2024-11-26 19:22:29', '2024-11-26 19:22:29', 138, NULL),
	(184, NULL, 'SE HABLO PARA HACERLE SEGUIMIENTO', '2024-11-26 19:22:29', '2024-11-26 19:22:29', 138, NULL),
	(185, NULL, 'SE HABLO PARA HACERLE SEGUIMIENTO', '2024-11-26 19:22:29', '2024-11-26 19:22:29', 138, NULL),
	(186, NULL, 'SE HABLO PARA HACERLE SEGUIMIENTO', '2024-11-26 19:24:55', '2024-11-26 19:24:55', 78, NULL),
	(187, NULL, 'SE HABLO PARA HACERLE SEGUIMIENTO', '2024-11-26 19:25:15', '2024-11-26 19:25:15', 97, NULL),
	(188, NULL, 'SE HABLO PARA HACERLE SEGUIMIENTO', '2024-11-26 19:25:48', '2024-11-26 19:25:48', 128, NULL),
	(189, NULL, 'SE HABLO PARA HACERLE SEGUIMIENTO', '2024-11-26 19:37:33', '2024-11-26 19:37:33', 135, NULL),
	(190, NULL, 'SE HABLO PARA HACERLE SEGUIMIENTO', '2024-11-26 19:38:20', '2024-11-26 19:38:20', 137, NULL),
	(191, NULL, 'SE HABLO PARA HACERLE SEGUIMIENTO', '2024-11-26 19:45:12', '2024-11-26 19:45:12', 131, NULL),
	(192, 'Buenas', 'Se le entrego el trabajo', '2024-11-26 20:01:12', '2024-11-26 20:01:12', 166, 230),
	(193, NULL, 'SE HABLO PARA HACERLE SEGUIMIENTO', '2024-11-26 20:11:41', '2024-11-26 20:11:41', 134, NULL),
	(194, 'Buenas', 'Se le entrego el trabajo', '2024-11-26 21:15:05', '2024-11-26 21:15:05', 245, 317),
	(195, 'Buenas', 'Se le entrego el trabajo', '2024-11-26 21:31:58', '2024-11-26 21:31:58', 198, 247),
	(196, 'Buenas', 'Se le entrego el trabajo', '2024-11-27 13:56:03', '2024-11-27 13:56:03', 241, 310),
	(197, 'Buenas', 'Se le entrego el trabajo', '2024-11-27 14:52:47', '2024-11-27 14:52:47', 237, 305),
	(198, 'Buenas', 'Se le entrego el trabajo', '2024-11-27 15:36:17', '2024-11-27 15:36:17', 239, 307),
	(199, 'Buenas', 'Se le entrego el trabajo', '2024-11-27 17:12:44', '2024-11-27 17:12:44', 236, 304),
	(200, 'Buenas', 'Se le entrego el trabajo', '2024-11-27 21:58:05', '2024-11-27 21:58:05', 248, 319),
	(201, 'Buenas', 'Se le entrego el trabajo', '2024-11-27 21:58:24', '2024-11-27 21:58:24', 27, 329),
	(202, 'Buenas', 'Se le entrego el trabajo', '2024-11-27 23:22:08', '2024-11-27 23:22:08', 219, 278),
	(203, NULL, 'pidió cotización de calendarios y se encuentra interesada en el afiche mediano', '2024-11-28 13:44:25', '2024-11-28 13:44:25', 55, NULL),
	(204, NULL, 'TIENE TODAVIA TARJETAS Y TALONARIOS CUANDO REQUIERA MAS TRABAJOS NOS LLAMARA', '2024-11-28 14:39:52', '2024-11-28 14:39:52', 136, NULL),
	(205, 'Buenas', 'Se le entrego el trabajo', '2024-11-28 22:03:49', '2024-11-28 22:03:49', 187, 233),
	(206, 'Buenas', 'Se le entrego el trabajo', '2024-11-28 23:20:25', '2024-11-28 23:20:25', 208, 264),
	(207, 'Buenas', 'Se le entrego el trabajo', '2024-11-28 23:20:47', '2024-11-28 23:20:47', 243, 312),
	(208, 'Buenas', 'Se le entrego el trabajo', '2024-11-28 23:24:43', '2024-11-28 23:24:43', 255, 330),
	(209, 'Buenas', 'Se le entrego el trabajo', '2024-11-29 13:23:05', '2024-11-29 13:23:05', 113, 324),
	(210, 'Buenas', 'Se le entrego el trabajo', '2024-11-30 17:39:24', '2024-11-30 17:39:24', 227, 290),
	(211, 'Buenas', 'Se le entrego el trabajo', '2024-11-30 17:39:42', '2024-11-30 17:39:42', 234, 302),
	(212, 'Buenas', 'Se le entrego el trabajo', '2024-11-30 18:15:20', '2024-11-30 18:15:20', 177, 270),
	(213, 'Buenas', 'Se le entrego el trabajo', '2024-12-02 13:53:15', '2024-12-02 13:53:15', 261, 336),
	(214, 'Buenas', 'Se le entrego el trabajo', '2024-12-02 15:46:06', '2024-12-02 15:46:06', 271, 349),
	(215, NULL, 'SE LLAMO PARA ACERLE SEGUIMIENTO', '2024-12-02 16:29:45', '2024-12-02 16:29:45', 141, NULL),
	(216, 'Buenas', 'Se le entrego el trabajo', '2024-12-03 16:25:31', '2024-12-03 16:25:31', 249, 320),
	(217, 'Buenas', 'Se le entrego el trabajo', '2024-12-04 13:37:06', '2024-12-04 13:37:06', 268, 346),
	(218, 'Buenas', 'Se le entrego el trabajo', '2024-12-04 16:41:34', '2024-12-04 16:41:34', 257, 332),
	(219, NULL, 'esta interesada en volantes', '2024-12-04 16:56:04', '2024-12-04 16:56:04', 140, NULL),
	(220, 'Buenas', 'Se le entrego el trabajo', '2024-12-04 16:57:02', '2024-12-04 16:57:02', 260, 335),
	(221, NULL, 'HIZO PEDIDO DE VOLANTES', '2024-12-04 17:22:43', '2024-12-04 17:22:43', 174, NULL),
	(222, NULL, 'NO SE ENCONTRABA EL DUEÑO Y CONVERCE CON LA LIC DE TURNO Y ME PIDIO QUE ENVIARA PUBLICIDAD AL NUMERO DEL DUEÑO', '2024-12-04 20:45:01', '2024-12-04 20:45:01', 151, NULL),
	(223, NULL, 'SE LLAMO PARA ACERLE SEGUIMIENTO Y NO CONTESTO EL CLIENTE, SE MANDO UNA PUBLICIDAD DE SEGUIMIENETO Y OTRA PUBLICIDAD PROMOCIONADO NUESTROS PRODUCTOS', '2024-12-04 21:04:37', '2024-12-04 21:04:37', 70, NULL),
	(224, NULL, 'SE LLAMO PARA ACERLE SEGUIMIENTO', '2024-12-04 21:08:53', '2024-12-04 21:08:53', 133, NULL),
	(225, 'Buenas', 'Se le entrego el trabajo', '2024-12-04 23:43:01', '2024-12-04 23:43:01', 269, 347),
	(226, NULL, 'SE LLAMO PARA ACERLE SEGUIMIENTO', '2024-12-05 15:07:54', '2024-12-05 15:07:54', 112, NULL),
	(227, 'Buenas', 'Se le entrego el trabajo', '2024-12-05 17:15:13', '2024-12-05 17:15:13', 244, 313),
	(228, 'Buenas', 'Se le entrego el trabajo', '2024-12-05 17:15:21', '2024-12-05 17:15:21', 244, 326),
	(229, 'Buenas', 'Se le entrego el trabajo', '2024-12-05 17:15:57', '2024-12-05 17:15:57', 254, 327),
	(230, 'Buenas', 'Se le entrego el trabajo', '2024-12-05 17:17:28', '2024-12-05 17:17:28', 274, 353),
	(231, NULL, 'nos avisara', '2024-12-05 19:40:22', '2024-12-05 19:40:22', 165, NULL),
	(232, NULL, 'SE LLAMO PARA ACERLE SEGUIMIENTO', '2024-12-05 21:56:30', '2024-12-05 21:56:30', 156, NULL),
	(233, NULL, 'SE LLAMO PARA ACERLE SEGUIMIENTO', '2024-12-05 22:00:50', '2024-12-05 22:00:50', 110, NULL),
	(234, NULL, 'ESTAN EN CIERRE DE GESTION Y NOS CONTACTARA PARA EL MES DE ENERO +', '2024-12-05 22:30:18', '2024-12-05 22:30:18', 162, NULL),
	(235, NULL, 'SE LLAMO PARA ACERLE SEGUIMIENTO', '2024-12-05 22:34:38', '2024-12-05 22:34:38', 109, NULL),
	(236, 'Buenas', 'Se le entrego el trabajo', '2024-12-06 16:00:31', '2024-12-06 16:00:31', 52, 328),
	(237, 'Buenas', 'Se le entrego el trabajo', '2024-12-06 16:00:41', '2024-12-06 16:00:41', 52, 343),
	(238, 'Buenas', 'Se le entrego el trabajo', '2024-12-06 16:50:04', '2024-12-06 16:50:04', 117, 368),
	(239, 'Buenas', 'Se le entrego el trabajo', '2024-12-06 17:02:13', '2024-12-06 17:02:13', 117, 368),
	(240, 'Buenas', 'Se le entrego el trabajo', '2024-12-06 19:43:40', '2024-12-06 19:43:40', 253, 325),
	(241, 'Buenas', 'Se le entrego el trabajo', '2024-12-06 21:28:41', '2024-12-06 21:28:41', 29, 356),
	(242, NULL, 'SE LLAMO PARA ACERLE SEGUIMIENTO', '2024-12-06 21:29:41', '2024-12-06 21:29:41', 139, NULL),
	(243, NULL, 'SE LLAMO PARA ACERLE SEGUIMIENTO', '2024-12-07 17:38:31', '2024-12-07 17:38:31', 108, NULL),
	(244, 'Buenas', 'Se le entrego el trabajo', '2024-12-07 17:39:03', '2024-12-07 17:39:03', 270, 348),
	(245, 'Buenas', 'Se le entrego el trabajo', '2024-12-07 17:39:11', '2024-12-07 17:39:11', 270, 354),
	(246, 'Buenas', 'Se le entrego el trabajo', '2024-12-07 17:39:37', '2024-12-07 17:39:37', 71, 355),
	(247, 'Buenas', 'Se le entrego el trabajo', '2024-12-07 17:39:49', '2024-12-07 17:39:49', 228, 344),
	(248, NULL, 'HIZO PEDIDO', '2024-12-07 17:39:51', '2024-12-07 17:39:51', 71, NULL),
	(249, 'Buenas', 'Se le entrego el trabajo', '2024-12-07 17:40:06', '2024-12-07 17:40:06', 282, 371),
	(250, 'Buenas', 'Se le entrego el trabajo', '2024-12-07 17:43:58', '2024-12-07 17:43:58', 12, 314),
	(251, NULL, 'NO NECESITA TODAVIA NINGUN TRABAJO', '2024-12-07 17:45:25', '2024-12-07 17:45:25', 150, NULL),
	(252, NULL, 'SE LLAMO PARA ACERLE SEGUIMIENTO', '2024-12-07 17:48:30', '2024-12-07 17:48:30', 3, NULL),
	(253, 'Buenas', 'Se le entrego el trabajo', '2024-12-07 18:00:59', '2024-12-07 18:00:59', 12, 314),
	(254, NULL, 'NOS ESTARA HABLANDO', '2024-12-07 18:04:24', '2024-12-07 18:04:24', 143, NULL),
	(256, 'Buenas', 'Se le entrego el trabajo', '2024-12-09 15:38:01', '2024-12-09 15:38:01', 174, 363),
	(257, 'Buenas', 'Se le entrego el trabajo', '2024-12-09 15:38:34', '2024-12-09 15:38:34', 16, 338),
	(258, 'Buenas', 'Se le entrego el trabajo', '2024-12-09 19:22:51', '2024-12-09 19:22:51', 264, 350),
	(259, 'Buenas', 'Se le entrego el trabajo', '2024-12-09 19:22:55', '2024-12-09 19:22:55', 264, 340),
	(260, 'Buenas', 'Se le entrego el trabajo', '2024-12-09 21:32:28', '2024-12-09 21:32:28', 259, 334),
	(261, 'Buenas', 'Se le entrego el trabajo', '2024-12-09 21:33:17', '2024-12-09 21:33:17', 273, 352),
	(262, 'Buenas', 'Se le entrego el trabajo', '2024-12-09 21:33:43', '2024-12-09 21:33:43', 258, 333),
	(265, 'Buenas', 'Se le entrego el trabajo', '2024-12-09 22:38:44', '2024-12-09 22:38:44', 236, 357),
	(266, NULL, 'NO NECESITA TODAVIA NINGUN TRABAJO', '2024-12-10 14:41:42', '2024-12-10 14:41:42', 147, NULL),
	(267, NULL, 'TIENE TODAVIA TARJETAS Y TALONARIOS CUANDO REQUIERA MAS TRABAJOS NOS LLAMARA', '2024-12-10 14:42:21', '2024-12-10 14:42:21', 146, NULL),
	(268, NULL, 'SE ENCUENTRA INTERESADO EN ADHESIVOS', '2024-12-10 14:43:47', '2024-12-10 14:43:47', 126, NULL),
	(269, NULL, 'SE LLAMO PARA ACERLE SEGUIMIENTO', '2024-12-10 16:47:26', '2024-12-10 16:47:26', 160, NULL),
	(270, NULL, 'Don luis le hablara', '2024-12-10 19:20:56', '2024-12-10 19:20:56', 111, NULL),
	(271, NULL, 'NOS HABLARA CUANDO NECESITE TARJETAS', '2024-12-10 19:21:34', '2024-12-10 19:21:34', 168, NULL),
	(272, NULL, 'SE LLAMO PARA ACERLE SEGUIMIENTO', '2024-12-10 20:13:21', '2024-12-10 20:13:21', 159, NULL),
	(273, NULL, 'SE LLAMO PARA ACERLE SEGUIMIENTO', '2024-12-10 20:13:38', '2024-12-10 20:13:38', 127, NULL),
	(274, NULL, 'EN CUANTO NECESITE ALGUN TRABAJO NOS ESCRIBIRA', '2024-12-10 20:14:34', '2024-12-10 20:14:34', 116, NULL),
	(275, NULL, 'ESTAN INTERESADODS EN TRIPTICOS, ARMARAN UN PRE DISEÑO HASTA EL AÑO Y NOS MANDARAN', '2024-12-10 20:56:16', '2024-12-10 20:56:16', 119, NULL),
	(276, NULL, 'SE LLAMO PARA ACERLE SEGUIMIENTO', '2024-12-10 21:13:53', '2024-12-10 21:13:53', 115, NULL),
	(277, NULL, 'NO ESTA NECESITANDO NADA DE MOMENTO', '2024-12-10 21:23:03', '2024-12-10 21:23:03', 170, NULL),
	(278, NULL, 'NO NECESITA NINGUN TRABAJO', '2024-12-10 21:25:09', '2024-12-10 21:25:09', 176, NULL),
	(279, NULL, 'ESTA INTERESADO EN AFICHES Y ADHESIVOS PARA EXTERIOR', '2024-12-10 21:51:10', '2024-12-10 21:51:10', 120, NULL),
	(280, 'Buenas', 'Se le entrego el trabajo', '2024-12-10 23:06:47', '2024-12-10 23:06:47', 284, 375),
	(281, 'Buenas', 'Se le entrego el trabajo', '2024-12-11 16:54:27', '2024-12-11 16:54:27', 231, 372),
	(282, 'Buenas', 'Se le entrego el trabajo', '2024-12-11 16:54:42', '2024-12-11 16:54:42', 266, 342),
	(283, NULL, 'ESTA INTERESADA EN VOLANTES Y TARJETAS', '2024-12-11 17:21:52', '2024-12-11 17:21:52', 158, NULL),
	(284, NULL, 'ESTA INTERESADA EN VOLANTES Y TARJETAS', '2024-12-11 17:21:53', '2024-12-11 17:21:53', 158, NULL),
	(285, NULL, 'REALIZO PEDIDO DE ETIQUETAS', '2024-12-11 17:22:20', '2024-12-11 17:22:20', 114, NULL),
	(286, 'Buenas', 'Se le entrego el trabajo', '2024-12-11 20:09:42', '2024-12-11 20:09:42', 286, 377),
	(287, NULL, 'HIZO PEDIDO DE ETIQUETAS', '2024-12-11 22:50:46', '2024-12-11 22:50:46', 72, NULL),
	(288, NULL, 'HIZO PEDIDO DE TARJETAS', '2024-12-11 22:53:36', '2024-12-11 22:53:36', 273, NULL),
	(289, NULL, 'HIZO PEDIDO DE TARJETAS PARA JUGUETERIA BABY LUCAS', '2024-12-11 22:55:08', '2024-12-11 22:55:08', 169, NULL),
	(290, NULL, 'SE HABLO PARA HACERLE SEGUIMIENTO', '2024-12-11 22:55:57', '2024-12-11 22:55:57', 99, NULL),
	(291, NULL, 'DE MOMENTO NO ESTA NECESITANDO NINGUN TRABAJO', '2024-12-11 22:57:46', '2024-12-11 22:57:46', 121, NULL),
	(292, NULL, 'HIZO PEDIDO DE CALENDARIOS', '2024-12-11 23:01:22', '2024-12-11 23:01:22', 178, NULL),
	(293, 'Buenas', 'Se le entrego el trabajo', '2024-12-12 19:48:14', '2024-12-12 19:48:14', 262, 337),
	(294, NULL, 'NO NECESITA NADA', '2024-12-13 14:25:37', '2024-12-13 14:25:37', 132, NULL),
	(295, NULL, 'ESTA INTERESADO EN SELLOS DE GOMA', '2024-12-13 14:33:14', '2024-12-13 14:33:14', 189, NULL),
	(296, NULL, 'PREGUNTO POR CALENDARIOS', '2024-12-13 14:34:04', '2024-12-13 14:34:04', 149, NULL),
	(297, NULL, 'PREGUNTO POR AFICHES, CALENDARIOS DE PARED Y YA NO ME RESPONDIO', '2024-12-13 14:37:04', '2024-12-13 14:37:04', 192, NULL),
	(298, 'Buenas', 'Se le entrego el trabajo', '2024-12-13 14:39:19', '2024-12-13 14:39:19', 276, 361),
	(299, NULL, 'NO NECESITA NINGUN TRABAJO', '2024-12-13 15:12:55', '2024-12-13 15:12:55', 212, NULL),
	(300, NULL, 'NO NECESITA NINGUN TRABAJO', '2024-12-13 15:12:55', '2024-12-13 15:12:55', 212, NULL),
	(301, NULL, 'NO NECESITA NINGUN TRABAJO', '2024-12-13 15:12:55', '2024-12-13 15:12:55', 212, NULL),
	(302, NULL, 'NO NECESITA NINGUN TRABAJO', '2024-12-13 15:12:55', '2024-12-13 15:12:55', 212, NULL),
	(303, 'Buenas', 'Se le entrego el trabajo', '2024-12-13 19:53:45', '2024-12-13 19:53:45', 278, 364),
	(304, 'Buenas', 'Se le entrego el trabajo', '2024-12-13 19:54:07', '2024-12-13 19:54:07', 118, 384),
	(305, NULL, 'ESTA INTERESADO EN AFICHES', '2024-12-13 20:26:55', '2024-12-13 20:26:55', 172, NULL),
	(306, 'Buenas', 'Se le entrego el trabajo', '2024-12-13 22:25:37', '2024-12-13 22:25:37', 281, 369),
	(307, NULL, 'NO CONTESTA', '2024-12-14 14:24:46', '2024-12-14 14:24:46', 56, NULL),
	(308, NULL, 'NO NECESITA DE MOMENTO NINGUN TRABAJO', '2024-12-14 14:26:04', '2024-12-14 14:26:04', 157, NULL),
	(309, 'Buenas', 'Se le entrego el trabajo', '2024-12-14 14:26:09', '2024-12-14 14:26:09', 279, 365),
	(310, NULL, 'SE LLAMO Y NO CONTESTA MENSAJES NI LLAMADAS', '2024-12-14 14:26:41', '2024-12-14 14:26:41', 155, NULL),
	(311, NULL, 'NO NECESITA DE MOMENTO NINGUN TRABAJO', '2024-12-14 14:27:41', '2024-12-14 14:27:41', 154, NULL),
	(312, NULL, 'NO NECESITA DE MOMENTO NINGUN TRABAJO', '2024-12-14 14:28:13', '2024-12-14 14:28:13', 122, NULL),
	(313, NULL, 'NO NECESITA NINGUN TRABAJO', '2024-12-14 14:29:03', '2024-12-14 14:29:03', 145, NULL),
	(314, NULL, 'SE HABLO PARA HACERLE SEGUIMIENTO', '2024-12-14 14:36:38', '2024-12-14 14:36:38', 167, NULL),
	(315, NULL, 'DE MOMENTO NO ESTA NECESITANDO NINGUN TRABAJO', '2024-12-14 14:44:43', '2024-12-14 14:44:43', 148, NULL),
	(316, NULL, 'SE HABLO PARA HACERLE SEGUIMIENTO', '2024-12-16 13:23:13', '2024-12-16 13:23:13', 196, NULL),
	(317, NULL, 'SE HABLO PARA HACERLE SEGUIMIENTO', '2024-12-16 13:23:36', '2024-12-16 13:23:36', 183, NULL),
	(318, 'Buenas', 'Se le entrego el trabajo', '2024-12-16 14:47:21', '2024-12-16 14:47:21', 226, 289),
	(319, 'Buenas', 'Se le entrego el trabajo', '2024-12-17 16:39:00', '2024-12-17 16:39:00', 112, 373),
	(320, 'Buenas', 'Se le entrego el trabajo', '2024-12-17 16:44:51', '2024-12-17 16:44:51', 112, 373),
	(321, 'Buenas', 'Se le entrego el trabajo', '2024-12-17 18:57:18', '2024-12-17 18:57:18', 275, 358),
	(322, 'Buenas', 'Se le entrego el trabajo', '2024-12-17 21:51:59', '2024-12-17 21:51:59', 178, 387),
	(323, 'Buenas', 'Se le entrego el trabajo', '2024-12-18 00:09:26', '2024-12-18 00:09:26', 23, 394),
	(324, 'Buenas', 'Se le entrego el trabajo', '2024-12-18 15:04:55', '2024-12-18 15:04:55', 292, 392),
	(325, 'Buenas', 'Se le entrego el trabajo', '2024-12-18 20:10:09', '2024-12-18 20:10:09', 289, 383),
	(326, 'Buenas', 'Se le entrego el trabajo', '2024-12-18 21:34:18', '2024-12-18 21:34:18', 70, 382),
	(327, 'Buenas', 'Se le entrego el trabajo', '2024-12-19 00:44:25', '2024-12-19 00:44:25', 253, 367),
	(328, 'Buenas', 'Se le entrego el trabajo', '2024-12-19 18:53:26', '2024-12-19 18:53:26', 247, 318),
	(329, 'Buenas', 'Se le entrego el trabajo', '2024-12-19 18:53:37', '2024-12-19 18:53:37', 272, 351),
	(330, 'Buenas', 'Se le entrego el trabajo', '2024-12-19 18:53:53', '2024-12-19 18:53:53', 301, 407),
	(331, 'Buenas', 'Se le entrego el trabajo', '2024-12-20 00:03:33', '2024-12-20 00:03:33', 290, 389),
	(332, 'Buenas', 'Se le entrego el trabajo', '2024-12-20 00:04:03', '2024-12-20 00:04:03', 297, 400),
	(333, 'Buenas', 'Se le entrego el trabajo', '2024-12-20 00:04:27', '2024-12-20 00:04:27', 280, 366),
	(334, 'Buenas', 'Se le entrego el trabajo', '2024-12-20 00:04:49', '2024-12-20 00:04:49', 283, 374),
	(335, 'Buenas', 'Se le entrego el trabajo', '2024-12-20 00:05:24', '2024-12-20 00:05:24', 299, 404),
	(336, 'Buenas', 'Se le entrego el trabajo', '2024-12-20 00:05:41', '2024-12-20 00:05:41', 72, 385),
	(337, 'Buenas', 'Se le entrego el trabajo', '2024-12-20 00:05:59', '2024-12-20 00:05:59', 267, 345),
	(338, 'Buenas', 'Se le entrego el trabajo', '2024-12-20 00:06:11', '2024-12-20 00:06:11', 291, 391),
	(339, 'Buenas', 'Se le entrego el trabajo', '2024-12-20 00:06:28', '2024-12-20 00:06:28', 285, 376),
	(340, 'Buenas', 'Se le entrego el trabajo', '2024-12-20 00:06:47', '2024-12-20 00:06:47', 296, 398),
	(341, 'Buenas', 'Se le entrego el trabajo', '2024-12-20 14:28:42', '2024-12-20 14:28:42', 242, 311),
	(342, NULL, 'ESTABA INTERESADA EN CALENDARIOS Y SE LES PASO PRECIO', '2024-12-20 14:35:07', '2024-12-20 14:35:07', 164, NULL),
	(343, 'Buenas', 'Se le entrego el trabajo', '2024-12-20 14:59:54', '2024-12-20 14:59:54', 192, 403),
	(344, 'Buenas', 'Se le entrego el trabajo', '2024-12-20 15:43:29', '2024-12-20 15:43:29', 55, 402),
	(345, 'Buenas', 'Se le entrego el trabajo', '2024-12-20 16:38:41', '2024-12-20 16:38:41', 293, 393),
	(346, 'Buenas', 'Se le entrego el trabajo', '2024-12-20 23:03:16', '2024-12-20 23:03:16', 298, 401),
	(347, 'Buenas', 'Se le entrego el trabajo', '2024-12-20 23:38:08', '2024-12-20 23:38:08', 190, 380),
	(348, 'Buenas', 'Se le entrego el trabajo', '2024-12-20 23:38:39', '2024-12-20 23:38:39', 243, 381),
	(349, 'Buenas', 'Se le entrego el trabajo', '2024-12-20 23:39:09', '2024-12-20 23:39:09', 294, 395),
	(350, 'Buenas', 'Se le entrego el trabajo', '2024-12-20 23:39:35', '2024-12-20 23:39:35', 97, 408),
	(351, 'Buenas', 'Se le entrego el trabajo', '2024-12-20 23:40:01', '2024-12-20 23:40:01', 226, 396),
	(352, 'Buenas', 'Se le entrego el trabajo', '2024-12-20 23:41:26', '2024-12-20 23:41:26', 234, 360),
	(353, 'Buenas', 'Se le entrego el trabajo', '2024-12-20 23:42:00', '2024-12-20 23:42:00', 295, 397),
	(354, 'Buenas', 'Se le entrego el trabajo', '2024-12-20 23:42:19', '2024-12-20 23:42:19', 59, 388),
	(356, 'Buenas', 'Se le entrego el trabajo', '2024-12-21 00:05:04', '2024-12-21 00:05:04', 143, 406),
	(357, 'Buenas', 'Se le entrego el trabajo', '2024-12-23 14:15:42', '2024-12-23 14:15:42', 300, 405),
	(358, 'Buenas', 'Se le entrego el trabajo', '2024-12-23 14:16:18', '2024-12-23 14:16:18', 288, 379),
	(359, 'Buenas', 'Se le entrego el trabajo', '2024-12-23 14:47:13', '2024-12-23 14:47:13', 302, 409),
	(360, 'Buenas', 'Se le entrego el trabajo', '2024-12-23 15:04:43', '2024-12-23 15:04:43', 28, 410),
	(361, 'Buenas', 'Se le entrego el trabajo', '2024-12-27 12:43:40', '2024-12-27 12:43:40', 88, 411),
	(362, 'Buenas', 'Se le entrego el trabajo', '2024-12-27 12:44:13', '2024-12-27 12:44:13', 114, 386),
	(363, NULL, 'SE HABLO PARA HACERLE SEGUIMIENTO', '2024-12-27 13:40:10', '2024-12-27 13:40:10', 183, NULL),
	(364, NULL, 'SE LE HABLO PARA HACERLE SEGUIMIENTO', '2024-12-27 14:16:18', '2024-12-27 14:16:18', 186, NULL),
	(365, NULL, 'SE LE HABLO PARA HACERLE SEGUIMIENTO', '2024-12-27 14:17:41', '2024-12-27 14:17:41', 210, NULL),
	(366, NULL, 'SE LE HABLO PARA HACERLE SEGUIMIENTO', '2024-12-27 14:20:24', '2024-12-27 14:20:24', 214, NULL),
	(368, NULL, 'SE LE HABLO PARA HACERLE SEGUIMIENTO', '2024-12-27 14:22:47', '2024-12-27 14:22:47', 230, NULL),
	(369, NULL, 'SE LE HABLO PARA HACERLE SEGUIMIENTO', '2024-12-27 14:24:48', '2024-12-27 14:24:48', 33, NULL),
	(370, NULL, 'SE LE HABLO PARA HACERLE SEGUIMIENTO', '2024-12-27 14:25:47', '2024-12-27 14:25:47', 218, NULL),
	(371, NULL, 'DON LUIS LE HABLARA', '2024-12-27 14:28:43', '2024-12-27 14:28:43', 24, NULL),
	(372, NULL, 'DISEÑO Y VENTA PENDIENTE', '2024-12-27 14:29:51', '2024-12-27 14:29:51', 65, NULL),
	(373, NULL, 'SE LE HABLO PARA HACERLE SEGUIMIENTO', '2024-12-27 14:31:31', '2024-12-27 14:31:31', 199, NULL),
	(374, NULL, 'SE LE HABLO PARA HACERLE SEGUIMIENTO', '2024-12-27 14:32:42', '2024-12-27 14:32:42', 232, NULL),
	(376, NULL, 'SE LE HABLO PARA HACERLE SEGUIMIENTO', '2024-12-27 14:33:46', '2024-12-27 14:33:46', 206, NULL),
	(378, NULL, 'SE LE HABLO PARA HACERLE SEGUIMIENTO', '2024-12-27 14:36:56', '2024-12-27 14:36:56', 224, NULL),
	(379, NULL, 'SEGUIMIENTO DEL RICHARD', '2024-12-27 14:40:12', '2024-12-27 14:40:12', 223, NULL),
	(380, NULL, 'SE LE HABLO PARA HACERLE SEGUIMIENTO', '2024-12-27 14:42:06', '2024-12-27 14:42:06', 205, NULL),
	(381, NULL, 'SE LE HABLO PARA HACERLE SEGUIMIENTO', '2024-12-27 14:43:04', '2024-12-27 14:43:04', 95, NULL),
	(382, NULL, 'SE LE HABLO PARA HACERLE SEGUIMIENTO', '2024-12-27 14:44:46', '2024-12-27 14:44:46', 166, NULL),
	(383, NULL, 'SE LE HABLO PARA HACERLE SEGUIMIENTO', '2024-12-27 14:46:32', '2024-12-27 14:46:32', 203, NULL),
	(384, NULL, 'SE LE HABLO PARA HACERLE SEGUIMIENTO', '2024-12-27 14:48:12', '2024-12-27 14:48:12', 209, NULL),
	(385, NULL, 'SE LE HABLO PARA HACERLE SEGUIMIENTO', '2024-12-27 14:48:34', '2024-12-27 14:48:34', 241, NULL),
	(386, NULL, 'SE LLAMO PARA ACERLE SEGUIMIENTO', '2024-12-27 16:42:42', '2024-12-27 16:42:42', 140, NULL),
	(387, NULL, 'SE LLAMO PARA ACERLE SEGUIMIENTO', '2024-12-27 16:43:28', '2024-12-27 16:43:28', 156, NULL),
	(388, NULL, 'ya hizo de conos', '2024-12-27 21:46:29', '2024-12-27 21:46:29', 71, NULL),
	(389, NULL, 'TIENE TODAVIA TARJETAS Y TALONARIOS CUANDO REQUIERA MAS TRABAJOS NOS LLAMARA', '2024-12-27 21:57:40', '2024-12-27 21:57:40', 194, NULL),
	(390, NULL, 'TIENE TODAVIA TARJETAS Y TALONARIOS CUANDO REQUIERA MAS TRABAJOS NOS LLAMARA', '2024-12-27 23:15:24', '2024-12-27 23:15:24', 193, NULL),
	(391, NULL, 'ESTA INTERESADA EN TARJETAS', '2024-12-27 23:15:52', '2024-12-27 23:15:52', 195, NULL),
	(392, NULL, 'NO NECESITA DE MOMENTO NINGUN TRABAJO', '2024-12-30 13:56:57', '2024-12-30 13:56:57', 165, NULL),
	(393, 'Buenas', 'Se le entrego el trabajo', '2024-12-30 19:53:36', '2024-12-30 19:53:36', 265, 341),
	(394, NULL, 'SE LE HABLO PARA HACERLE SEGUIMIENTO', '2024-12-30 19:58:05', '2024-12-30 19:58:05', 237, NULL),
	(395, NULL, 'DON LUIS LE HABLARA', '2024-12-30 20:06:17', '2024-12-30 20:06:17', 217, NULL),
	(396, NULL, 'NO NECESITA TODAVIA NINGUN TRABAJO', '2024-12-30 20:17:05', '2024-12-30 20:17:05', 181, NULL),
	(397, NULL, 'NO NECESITA TODAVIA NINGUN TRABAJO', '2024-12-30 20:18:00', '2024-12-30 20:18:00', 213, NULL),
	(398, NULL, 'NO NECESITA DE MOMENTO NINGUN TRABAJO', '2024-12-30 20:19:39', '2024-12-30 20:19:39', 151, NULL),
	(399, NULL, 'CERRO SU NEGOCIO', '2024-12-30 20:20:17', '2024-12-30 20:20:17', 187, NULL),
	(400, NULL, 'ESTA INTERERSADO EN TARJETAS EN MATE', '2024-12-30 20:20:52', '2024-12-30 20:20:52', 124, NULL),
	(401, NULL, 'NO CONTESTA LAS LLAMADAS NI MENSAJES', '2024-12-30 20:32:21', '2024-12-30 20:32:21', 46, NULL),
	(402, NULL, 'NO CONTESTA LAS LLAMADAS NI MENSAJES', '2024-12-30 20:33:09', '2024-12-30 20:33:09', 108, NULL),
	(403, NULL, 'NO NECESITA NINGUN TRABAJO', '2024-12-30 20:33:40', '2024-12-30 20:33:40', 146, NULL),
	(404, NULL, 'EL PEDIDO DE SUS TARJETAS PARA SANTA CECILIA LO REALIZO PORQUE LE TOCO SER PASANTE, NO NECESITA MAS TRABAJOS', '2024-12-30 20:35:01', '2024-12-30 20:35:01', 233, NULL),
	(405, NULL, 'ESTA INTERESADO EN AFICHES MEDIANOS', '2024-12-30 20:55:26', '2024-12-30 20:55:26', 113, NULL),
	(406, NULL, 'SE HIZO LA REPOSICION DE SU PEDIDO', '2024-12-30 20:56:15', '2024-12-30 20:56:15', 198, NULL),
	(407, NULL, 'CAMBIARA DE DIRECCION, CUANDO SE TRASLADE HARA UN NUEVO PEDIDO', '2024-12-30 20:58:48', '2024-12-30 20:58:48', 119, NULL),
	(408, NULL, 'NO NECESITA NINGUN TRABAJO', '2024-12-30 20:59:48', '2024-12-30 20:59:48', 138, NULL),
	(409, NULL, 'DE MOMENTO NO NECESITA NINGUN TRABAJO', '2024-12-30 21:01:10', '2024-12-30 21:01:10', 62, NULL),
	(410, NULL, 'CUANDO NECESITE NOS HABLARA PARA HACER UN NUEVO PEDIDO', '2024-12-30 21:02:20', '2024-12-30 21:02:20', 139, NULL),
	(411, NULL, 'NO CONTESTA LAS LLAMADAS NI MENSAJES', '2024-12-30 21:24:25', '2024-12-30 21:24:25', 127, NULL),
	(412, NULL, 'SE HABLO PARA HACERLE SEGUIMIENTO Y NOS ESTARA CONTACTANDO EN DOS MESES PARA HACER UN NUEVO PEDIDO', '2024-12-30 21:36:15', '2024-12-30 21:36:15', 211, NULL),
	(413, NULL, 'NO NECESITA DE MOMENTO NINGUN TRABAJO', '2024-12-30 21:36:52', '2024-12-30 21:36:52', 177, NULL),
	(414, NULL, 'SE HABLO PARA HACERLE SEGUIMIENTO', '2024-12-30 22:04:06', '2024-12-30 22:04:06', 229, NULL),
	(415, NULL, 'SE HABLO PARA HACERLE SEGUIMIENTO', '2024-12-30 22:11:26', '2024-12-30 22:11:26', 219, NULL),
	(416, NULL, 'NO CONTESTA LAS LLAMADAS NI MENSAJES', '2024-12-30 22:21:22', '2024-12-30 22:21:22', 133, NULL),
	(417, NULL, 'NO NECESITA TODAVIA NINGUN TRABAJO', '2024-12-30 22:22:34', '2024-12-30 22:22:34', 115, NULL),
	(418, NULL, 'AUN CUENTA CON VOLANTES', '2024-12-30 22:24:29', '2024-12-30 22:24:29', 182, NULL),
	(419, NULL, 'ME HIZO UNA OBSERVACION DE LAS TARJETAS, COMO SON TARJETAS EN MATE AL SELLAR SE BORRA Y SE PROCEDIO CON LA EXPLICACION', '2024-12-30 23:02:26', '2024-12-30 23:02:26', 137, NULL),
	(420, NULL, 'SE LE LLAMÓ Y AUN TIENE ADHESIVOS, PERO REQUIERE AFICHES, PARA LOS CUALES PREPARARÁ IMAGENES PARA REALIZAR EL PEDIDO', '2024-12-30 23:11:02', '2024-12-30 23:11:02', 221, NULL),
	(421, NULL, 'NO NECESITA TODAVIA NINGUN TRABAJO', '2024-12-31 15:13:10', '2024-12-31 15:13:10', 161, NULL),
	(422, NULL, 'NO NECESITA NINGUN TRABAJO', '2024-12-31 15:20:47', '2024-12-31 15:20:47', 144, NULL),
	(423, 'Buenas', 'Se le entrego el trabajo', '2024-12-31 16:47:35', '2024-12-31 16:47:35', 304, 413),
	(424, 'Buenas', 'Se le entrego el trabajo', '2024-12-31 17:52:53', '2024-12-31 17:52:53', 303, 412),
	(425, 'Buenas', 'Se le entrego el trabajo', '2024-12-31 17:53:10', '2024-12-31 17:53:10', 55, 417),
	(426, 'Buenas', 'Se le entrego el trabajo', '2024-12-31 17:54:06', '2024-12-31 17:54:06', 307, 419),
	(427, 'Buenas', 'Se le entrego el trabajo', '2024-12-31 17:57:04', '2024-12-31 17:57:04', 96, 416),
	(429, NULL, 'NO NECESITA DE MOMENTO NINGUN TRABAJO', '2025-01-02 12:57:59', '2025-01-02 12:57:59', 160, NULL),
	(430, NULL, 'NO NECESITA DE MOMENTO NINGUN TRABAJO', '2025-01-02 13:05:26', '2025-01-02 13:05:26', 208, NULL),
	(431, 'Buenas', 'Se le entrego el trabajo', '2025-01-02 13:27:34', '2025-01-02 13:27:34', 164, 420),
	(432, NULL, 'NO CONTESTA LAS LLAMADAS NI MENSAJES', '2025-01-02 14:03:15', '2025-01-02 14:03:15', 125, NULL),
	(433, NULL, 'DE MOMENTO NO NECESITA NINGUN TRABAJO', '2025-01-02 14:06:33', '2025-01-02 14:06:33', 207, NULL),
	(434, NULL, 'SE LLAMO PARA ACERLE SEGUIMIENTO', '2025-01-02 14:07:04', '2025-01-02 14:07:04', 142, NULL),
	(435, NULL, 'DE MOMENTO NO NECESITA NINGUN TRABAJO', '2025-01-02 14:39:35', '2025-01-02 14:39:35', 27, NULL),
	(436, NULL, 'AUN LE QUEDA TARJETAS Y TALONARIOS, SE PONDRA EN CONTACTO CON NOSOTROS PARA HACER UN NUEVO PEDIDO', '2025-01-02 14:55:18', '2025-01-02 14:55:18', 134, NULL),
	(438, NULL, 'REVISARA EN SU ALMACEN POR SI LE FALTAN TALONARIOS O VOLETAS DE GARANTIA', '2025-01-02 15:03:25', '2025-01-02 15:03:25', 78, NULL),
	(439, NULL, 'ESTA INTERESADO EN ADHESIVOS EN MATE', '2025-01-02 15:15:58', '2025-01-02 15:15:58', 126, NULL),
	(440, NULL, 'DE MOMENTO NO NECESITA NINGUN TRABAJO', '2025-01-02 15:16:49', '2025-01-02 15:16:49', 239, NULL),
	(441, NULL, 'SE LLAMO PARA ACERLE SEGUIMIENTO', '2025-01-02 15:17:28', '2025-01-02 15:17:28', 163, NULL),
	(443, NULL, 'SE LLAMO PARA ACERLE SEGUIMIENTO', '2025-01-02 15:18:28', '2025-01-02 15:18:28', 201, NULL),
	(444, NULL, 'ESTA INTERESADA EN VOLANTES UN LADO FULL COLOR', '2025-01-02 15:35:26', '2025-01-02 15:35:26', 141, NULL),
	(445, NULL, 'DE MOMENTO NO NECESITA NINGUN TRABAJO', '2025-01-02 15:36:04', '2025-01-02 15:36:04', 180, NULL),
	(446, NULL, 'SE LLAMO PARA ACERLE SEGUIMIENTO', '2025-01-02 15:38:50', '2025-01-02 15:38:50', 109, NULL),
	(447, NULL, 'SE LLAMO PARA ACERLE SEGUIMIENTO', '2025-01-02 15:39:12', '2025-01-02 15:39:12', 111, NULL),
	(449, NULL, 'LE HABLE PARA OFRECERLE PLANCHA DE VOLANTES UN LADO, PERO DICE QUE LE QUEDA TODAVIA Y HABLARA CON SUS COLEGAS PARA VER SI ESTAN ESTAN INTERESADOS', '2025-01-02 15:47:11', '2025-01-02 15:47:11', 135, NULL),
	(450, NULL, 'SE LLAMO PARA ACERLE SEGUIMIENTO Y OFRECERLE VOLANTES UN LADO', '2025-01-02 16:00:19', '2025-01-02 16:00:19', 158, NULL),
	(451, NULL, 'SE LLAMO PARA ACERLE SEGUIMIENTO', '2025-01-02 16:00:53', '2025-01-02 16:00:53', 255, NULL),
	(452, NULL, 'SE LLAMO PARA ACERLE SEGUIMIENTO', '2025-01-02 16:38:49', '2025-01-02 16:38:49', 159, NULL),
	(453, NULL, 'ESTA INTERESADA EN TALONARIOS DE GARANTIA UN COLOR', '2025-01-02 17:09:59', '2025-01-02 17:09:59', 116, NULL),
	(454, 'Buenas', 'Se le entrego el trabajo', '2025-01-02 19:04:26', '2025-01-02 19:04:26', 32, 415),
	(455, NULL, 'NO CONTESTA LAS LLAMADAS NI MENSAJES', '2025-01-02 19:58:00', '2025-01-02 19:58:00', 99, NULL),
	(456, 'Buenas', 'Se le entrego el trabajo', '2025-01-02 20:33:29', '2025-01-02 20:33:29', 306, 418),
	(457, NULL, 'NO NECESITA ETIQUETAS PARA SU PRODUCCION DE COCA MACHUCADA, PERO APROVECHE DE PREGUNTAR ACERCA DE SU PEDIDO DE TALONARIO DE TALLERES FUMPUOR Y ME DIJO QUE SE ENCUENTRA DE VIAJE Y RETORNARA LA OTRA SEMANA Y VERA EL DISEÑO Y HARA CORRECCIONES', '2025-01-02 20:56:09', '2025-01-02 20:56:09', 225, NULL),
	(458, NULL, 'HABLE CON EL CLIENTE PARA OFRECERLE VOLANTES UN LADO Y QUEDO EN CONFIRMARME, HABLARA CON SU SOCIO PARA PODER REALIZAR VOLANTES', '2025-01-02 21:01:25', '2025-01-02 21:01:25', 131, NULL),
	(459, NULL, 'DE MOMENTO NO NECESITA NINGUN TRABAJO', '2025-01-02 21:02:17', '2025-01-02 21:02:17', 273, NULL),
	(460, NULL, 'NO LE LLEGA MENSAJES', '2025-01-02 21:03:06', '2025-01-02 21:03:06', 169, NULL),
	(461, NULL, 'NO NECESITA DE MOMENTO NINGUN TRABAJO', '2025-01-02 21:04:11', '2025-01-02 21:04:11', 170, NULL),
	(462, NULL, 'SE ENCUENTRA DE VIAJE Y LA OTRA SEMANA ESTA DE REGRESO Y REVISARA SU STOCK DE ETIQUETAS', '2025-01-02 21:07:11', '2025-01-02 21:07:11', 172, NULL),
	(463, NULL, 'ME PREGUNTO POR TALONARIOS Y SELLO AUTOMATICO LE DI PRECIOS Y DIJO QUE LO REVISARA Y NOS DARA UNA RESPUESTA', '2025-01-02 21:09:36', '2025-01-02 21:09:36', 189, NULL),
	(464, NULL, 'NO NECESITA DE MOMENTO NINGUN TRABAJO', '2025-01-02 21:10:12', '2025-01-02 21:10:12', 212, NULL),
	(465, NULL, 'LE HABLE PARA OFRECERLE PLANCHA DE VOLANTES UN LADO', '2025-01-02 21:36:18', '2025-01-02 21:36:18', 176, NULL),
	(466, NULL, 'SE LLAMO PARA HACERLE SEGUIMIENTO', '2025-01-02 21:36:43', '2025-01-02 21:36:43', 173, NULL),
	(467, NULL, 'SE HABLO PARA HACERLE SEGUIMIENTO', '2025-01-02 22:18:41', '2025-01-02 22:18:41', 168, NULL),
	(468, NULL, 'SE LE HABLO PARA HACER SEGUIMIENTO', '2025-01-02 22:19:16', '2025-01-02 22:19:16', 271, NULL),
	(469, 'Buenas', 'Se le entrego el trabajo', '2025-01-03 12:50:26', '2025-01-03 12:50:26', 98, 433),
	(470, NULL, 'DE MOMENTO NO NECESITA NINGUN TRABAJO', '2025-01-03 13:40:35', '2025-01-03 13:40:35', 147, NULL),
	(471, NULL, 'LE OFRECI VOLANTES UN SOLO LADO, LE PASE PRECIOS Y ME DEJO EN VISTO, LLAME AL CLIENTE Y NO CONTESTO', '2025-01-03 13:42:19', '2025-01-03 13:42:19', 129, NULL),
	(472, NULL, 'NO CONTESTA LAS LLAMADAS NI MENSAJES', '2025-01-03 13:57:23', '2025-01-03 13:57:23', 3, NULL),
	(473, NULL, 'LA SEÑORA ME D IJO QUE SOLO UTILIZA TARJETAS Y AUN LE QUEDA EL PEDIDO DE TARJETAS QUE LE ENTREGAMOS', '2025-01-03 14:01:56', '2025-01-03 14:01:56', 153, NULL),
	(474, NULL, 'AUN LE QUEDAN TARJETAS Y VOLANTES, PEDIDO QUE YA SE LE ENTREGO ANTERIORMENTE, POR OTRO LADO ME COMENTO QUE NOS ESTARA HABLANDO PARA QUE LE PODAMOS COTIZAR UNOS SOBRES PARA SU FOTO ESTUDIO', '2025-01-03 14:34:07', '2025-01-03 14:34:07', 110, NULL),
	(475, NULL, 'AUN LE QUEDA SUS TARJETAS Y VOLANTES, QUEDE QUE LE ENVIARIA PUBLICIDADES CON PROMOCIONES', '2025-01-03 14:39:54', '2025-01-03 14:39:54', 130, NULL),
	(477, NULL, 'LE OFRECI TALONARIOS Y ME DIJO QUE NO SUELE HACER TALONARIOS PERSONALIZADOS, SUELE COMPRAR LOS PREDISEÑADOS', '2025-01-03 20:32:04', '2025-01-03 20:32:04', 227, NULL),
	(478, NULL, 'NO REQUIERE DE MOMENTO DE NINGUN TRABAJO', '2025-01-03 20:33:04', '2025-01-03 20:33:04', 245, NULL),
	(479, NULL, 'REVISARA EN SU ALMACEN POR SI LE FALTA MATERIAL', '2025-01-03 20:34:10', '2025-01-03 20:34:10', 185, NULL),
	(480, NULL, 'NO CONTESTA LLAMADAS Y MENSAJES', '2025-01-03 20:34:47', '2025-01-03 20:34:47', 171, NULL),
	(481, NULL, 'SE LLAMO PARA ACERLE SEGUIMIENTO', '2025-01-03 20:35:17', '2025-01-03 20:35:17', 123, NULL),
	(482, NULL, 'ESTA INTERESADO EN CAJITAS EN EL TAMAÑO QUE DEJO DE MUESTRA, PERO ESTAMOS VOLVIEDO A COTIZAR', '2025-01-03 20:36:24', '2025-01-03 20:36:24', 202, NULL),
	(484, NULL, 'CUANDO NECESITE NOS HABLARA PARA HACER UN NUEVO PEDIDO', '2025-01-03 20:37:31', '2025-01-03 20:37:31', 128, NULL),
	(485, NULL, 'A MAS TARDAR EL OTRO MES NOS HABLARA PARA HACER UN NUEVO PEDIDO', '2025-01-03 20:39:07', '2025-01-03 20:39:07', 184, NULL),
	(487, NULL, 'DE MOMENTO NO NECESITA NINGUN TRABAJO', '2025-01-03 21:00:11', '2025-01-03 21:00:11', 148, NULL),
	(488, NULL, 'DE MOMENTO NO NECESITA NINGUN TRABAJO', '2025-01-03 21:00:29', '2025-01-03 21:00:29', 248, NULL),
	(489, NULL, 'NOS ESTARA HABLANDO PARA HACER UN NUEVO PEDIDO DE TARJETAS', '2025-01-03 21:01:21', '2025-01-03 21:01:21', 120, NULL),
	(491, NULL, 'AUN LE QUEDAN TARJETAS', '2025-01-03 21:02:34', '2025-01-03 21:02:34', 155, NULL),
	(492, NULL, 'AUN LE QUEDAN TARJETAS', '2025-01-03 21:03:04', '2025-01-03 21:03:04', 154, NULL),
	(493, NULL, 'AUN LE QUEDAN TARJETAS', '2025-01-03 21:03:31', '2025-01-03 21:03:31', 150, NULL),
	(494, NULL, 'ME PIDIO QUE ANTES DE FEBRERO LE HABLE NUEVAMENTE PARA PODER HACER SUS VOLANTES PARA INICIO DE CLASES DE SU INSTITUTO', '2025-01-03 21:06:12', '2025-01-03 21:06:12', 162, NULL),
	(496, NULL, 'NO CONTESTA LAS LLAMADAS NI MENSAJES', '2025-01-03 21:06:40', '2025-01-03 21:06:40', 191, NULL),
	(498, NULL, 'PREGUNTARA A SU ESPOSO POR SI LE FALTA EN SU NEGOCIO TARJETAS', '2025-01-03 21:13:48', '2025-01-03 21:13:48', 136, NULL),
	(499, NULL, 'DE MOMENTO NO NECESITA NINGUN TRABAJO', '2025-01-03 21:14:26', '2025-01-03 21:14:26', 122, NULL),
	(500, NULL, 'DE MOMENTO NO NECESITA NINGUN TRABAJO', '2025-01-03 21:15:01', '2025-01-03 21:15:01', 157, NULL),
	(501, NULL, 'ESTA INTERESADA EN VOLANTES', '2025-01-03 21:15:45', '2025-01-03 21:15:45', 149, NULL),
	(502, NULL, 'AUN LE QUEDAN TARJETAS, CUANDO NECESITEN SE PONDRAN EN CONTACTO CUANDO NECESITEN HACER UN NUEVO PEDIDO', '2025-01-03 21:24:45', '2025-01-03 21:24:45', 121, NULL),
	(503, NULL, 'AUN LE QUEDAN TARJETAS, CUANDO NECESITEN SE PONDRAN EN CONTACTO CUANDO NECESITEN HACER UN NUEVO PEDIDO', '2025-01-03 21:26:09', '2025-01-03 21:26:09', 145, NULL),
	(504, NULL, 'ME DIJO QUE AUN TIENE MATERIA DE TRABAJO, ESTARAN EN CONTACTO CON NOSOTROS', '2025-01-03 21:28:24', '2025-01-03 21:28:24', 132, NULL),
	(505, NULL, 'EL DIA DOMINGO ESTARAN EN REUNION Y MUY PROBABLEMENTE PIDAN MAS TAQUITOS', '2025-01-03 21:31:23', '2025-01-03 21:31:23', 56, NULL),
	(506, 'Buenas', 'Se le entrego el trabajo', '2025-01-03 23:06:29', '2025-01-03 23:06:29', 287, 378),
	(507, NULL, 'ESTA INTERESADA EN VOLANTES', '2025-01-04 13:57:49', '2025-01-04 13:57:49', 175, NULL),
	(508, NULL, 'SE LE HABLO PARA HACERLE SEGUIMIENTO', '2025-01-04 14:00:01', '2025-01-04 14:00:01', 261, NULL),
	(509, NULL, 'DON LUIS LE HABLARA', '2025-01-04 14:00:49', '2025-01-04 14:00:49', 268, NULL),
	(510, 'Buenas', 'Se le entrego el trabajo', '2025-01-04 14:59:29', '2025-01-04 14:59:29', 204, 260),
	(511, 'Buenas', 'Se le entrego el trabajo', '2025-01-04 18:17:10', '2025-01-04 18:17:10', 312, 427),
	(512, 'Buenas', 'Se le entrego el trabajo', '2025-01-06 21:15:36', '2025-01-06 21:15:36', 310, 423),
	(513, NULL, 'SE LE HABLO PARA HACER SEGUIMIENTO', '2025-01-06 21:24:11', '2025-01-06 21:24:11', 260, NULL),
	(514, NULL, 'AUN TIENE TALONARIOS NOS ESCRIBIRA CUANDO SE LE ESTE ACABANDO', '2025-01-06 21:27:42', '2025-01-06 21:27:42', 269, NULL),
	(515, NULL, 'SE LE HABLO Y NO CONTESTA', '2025-01-07 13:15:34', '2025-01-07 13:15:34', 249, NULL),
	(516, NULL, 'CLIENTE Y AMIGO DE DON LUIS', '2025-01-07 13:17:35', '2025-01-07 13:17:35', 117, NULL),
	(517, 'Buenas', 'Se le entrego el trabajo', '2025-01-07 19:50:09', '2025-01-07 19:50:09', 253, 424),
	(518, NULL, 'HABLARAN CON DON LUIS', '2025-01-07 21:25:47', '2025-01-07 21:25:47', 228, NULL),
	(519, NULL, 'SIN RESPUESTA', '2025-01-08 13:34:17', '2025-01-08 13:34:17', 274, NULL),
	(520, NULL, 'SE LE HABLO Y NO CONTESTA', '2025-01-08 13:34:44', '2025-01-08 13:34:44', 257, NULL),
	(521, NULL, 'HIZO PEDIDO DE TALONARIOS', '2025-01-08 16:41:17', '2025-01-08 16:41:17', 254, NULL),
	(522, 'Buenas', 'Se le entrego el trabajo', '2025-01-08 20:35:02', '2025-01-08 20:35:02', 251, 322),
	(523, NULL, 'se le hablo para hacer seguimiento nos hablara cuando necesite', '2025-01-08 21:31:31', '2025-01-08 21:31:31', 270, NULL),
	(524, NULL, 'SE LE HABLO PARA HACER SEGUIMIENTO', '2025-01-08 22:43:46', '2025-01-08 22:43:46', 282, NULL),
	(525, NULL, 'HIZO PEDIDO DE TALONARIOS', '2025-01-09 12:58:57', '2025-01-09 12:58:57', 244, NULL),
	(526, 'Buenas', 'Se le entrego el trabajo', '2025-01-09 14:27:55', '2025-01-09 14:27:55', 317, 434),
	(527, 'Buenas', 'Se le entrego el trabajo', '2025-01-09 15:59:20', '2025-01-09 15:59:20', 321, 438),
	(528, 'Buenas', 'Se le entrego el trabajo', '2025-01-10 13:27:48', '2025-01-10 13:27:48', 331, 450),
	(529, 'Buenas', 'Se le entrego el trabajo', '2025-01-10 14:10:58', '2025-01-10 14:10:58', 320, 437),
	(530, 'Buenas', 'Se le entrego el trabajo', '2025-01-10 14:11:11', '2025-01-10 14:11:11', 320, 437),
	(531, 'Buenas', 'Se le entrego el trabajo', '2025-01-10 15:25:03', '2025-01-10 15:25:03', 311, 425),
	(532, 'Buenas', 'Se le entrego el trabajo', '2025-01-11 15:35:27', '2025-01-11 15:35:27', 313, 428),
	(533, 'Buenas', 'Se le entrego el trabajo', '2025-01-11 17:31:05', '2025-01-11 17:31:05', 164, 426),
	(534, 'Buenas', 'Se le entrego el trabajo', '2025-01-11 17:31:21', '2025-01-11 17:31:21', 323, 442),
	(535, 'Buenas', 'Se le entrego el trabajo', '2025-01-11 17:33:52', '2025-01-11 17:33:52', 102, 439),
	(536, 'Buenas', 'Se le entrego el trabajo', '2025-01-11 18:04:36', '2025-01-11 18:04:36', 23, 458),
	(537, 'Buenas', 'Se le entrego el trabajo', '2025-01-11 18:05:02', '2025-01-11 18:05:02', 23, 458),
	(538, 'Buenas', 'Se le entrego el trabajo', '2025-01-13 12:58:45', '2025-01-13 12:58:45', 114, 441),
	(539, 'Buenas', 'Se le entrego el trabajo', '2025-01-13 13:00:21', '2025-01-13 13:00:21', 188, 460),
	(540, 'Buenas', 'Se le entrego el trabajo', '2025-01-13 15:22:04', '2025-01-13 15:22:04', 316, 432),
	(541, 'Buenas', 'Se le entrego el trabajo', '2025-01-13 15:22:18', '2025-01-13 15:22:18', 330, 449),
	(542, 'Buenas', 'Se le entrego el trabajo', '2025-01-13 20:39:49', '2025-01-13 20:39:49', 309, 422),
	(543, 'Buenas', 'Se le entrego el trabajo', '2025-01-13 23:30:05', '2025-01-13 23:30:05', 342, 468),
	(544, 'Buenas', 'Se le entrego el trabajo', '2025-01-14 00:22:35', '2025-01-14 00:22:35', 319, 436),
	(545, 'Buenas', 'Se le entrego el trabajo', '2025-01-14 00:23:41', '2025-01-14 00:23:41', 143, 454),
	(546, 'Buenas', 'Se le entrego el trabajo', '2025-01-14 14:40:26', '2025-01-14 14:40:26', 327, 446),
	(547, 'Buenas', 'Se le entrego el trabajo', '2025-01-14 14:40:33', '2025-01-14 14:40:33', 324, 443),
	(548, 'Buenas', 'Se le entrego el trabajo', '2025-01-14 15:10:05', '2025-01-14 15:10:05', 328, 447),
	(549, 'Buenas', 'Se le entrego el trabajo', '2025-01-14 15:51:01', '2025-01-14 15:51:01', 188, 390),
	(551, 'Buenas', 'Se le entrego el trabajo', '2025-01-14 20:29:26', '2025-01-14 20:29:26', 325, 444);

CREATE TABLE IF NOT EXISTS `users` (
  `id` bigint unsigned NOT NULL AUTO_INCREMENT,
  `name` varchar(255) COLLATE utf8mb4_unicode_ci NOT NULL,
  `password` varchar(255) COLLATE utf8mb4_unicode_ci NOT NULL,
  `id_rol` bigint unsigned NOT NULL,
  `created_at` timestamp NULL DEFAULT NULL,
  `updated_at` timestamp NULL DEFAULT NULL,
  PRIMARY KEY (`id`),
  UNIQUE KEY `users_name_unique` (`name`),
  KEY `users_id_rol_foreign` (`id_rol`),
  CONSTRAINT `users_id_rol_foreign` FOREIGN KEY (`id_rol`) REFERENCES `roles` (`id_rol`)
) ENGINE=InnoDB AUTO_INCREMENT=4 DEFAULT CHARSET=utf8mb4 COLLATE=utf8mb4_unicode_ci;

INSERT INTO `users` (`id`, `name`, `password`, `id_rol`, `created_at`, `updated_at`) VALUES
	(1, 'admin andres', '$2y$12$GHhCitMtpxZc7OukE0tdYul4uiRkyAr5gdD2QZKgMWpeVZQJoepe.', 1, '2024-11-04 20:43:24', '2024-11-04 20:43:25'),
	(2, 'ADMIN G', '$2y$12$yNaHoCrvhqKxcAeOmhmRKeqMLhPSQy7b3/BECfvPz3nFh3zYXp4yK', 1, '2024-11-05 12:06:43', '2024-11-05 12:06:43'),
	(3, 'ventas', '$2y$12$pWoITYpv.QQMs3oWftBViOJSA/63z73V7TEyRQpAlr3ujTKFDsJ7W', 2, '2024-11-05 12:17:24', '2024-11-05 12:17:24');

/*!40103 SET TIME_ZONE=IFNULL(@OLD_TIME_ZONE, 'system') */;
/*!40101 SET SQL_MODE=IFNULL(@OLD_SQL_MODE, '') */;
/*!40014 SET FOREIGN_KEY_CHECKS=IFNULL(@OLD_FOREIGN_KEY_CHECKS, 1) */;
/*!40101 SET CHARACTER_SET_CLIENT=@OLD_CHARACTER_SET_CLIENT */;
/*!40111 SET SQL_NOTES=IFNULL(@OLD_SQL_NOTES, 1) */;
